,title,name
0,A Babysitter's Guide to Monster Hunting,Tamara Smart
1,A Babysitter's Guide to Monster Hunting, Oona Laurence
2,A Babysitter's Guide to Monster Hunting, Tom Felton
3,A Babysitter's Guide to Monster Hunting, Troy Leigh-Anne Johnson
4,A Babysitter's Guide to Monster Hunting, Lynn Masako Cheng
5,A Babysitter's Guide to Monster Hunting, Ty Consiglio
6,A Babysitter's Guide to Monster Hunting, Ian Ho
7,A Babysitter's Guide to Monster Hunting, Indya Moore
8,A Babysitter's Guide to Monster Hunting, Alessio Scalzotto
9,A Babysitter's Guide to Monster Hunting, Tamsen McDonough
10,A California Christmas,Lauren Swickard
11,A California Christmas, Josh Swickard
12,A California Christmas, Ali Afshar
13,A California Christmas, David Del Rio
14,A California Christmas, Natalia Mann
15,A California Christmas, Katelyn Epperly
16,A California Christmas, Gunnar Anderson
17,A California Christmas, Julie Lancaster
18,A California Christmas, Amanda Detmer
19,A Fall from Grace,Crystal Fox
20,A Fall from Grace, Phylicia Rashad
21,A Fall from Grace, Cicely Tyson
22,A Fall from Grace, Bresha Webb
23,A Fall from Grace, Mehcad Brooks
24,A Fall from Grace, Adrian Pasdar
25,A Fall from Grace, Tyler Perry
26,A Go! Go! Cory Carson Christmas,Alan C. Lim
27,A Go! Go! Cory Carson Christmas, Taron C. Hensley
28,A Go! Go! Cory Carson Christmas, Maisie Benson
29,A Go! Go! Cory Carson Christmas, Kerry Gudjohnsen
30,A Go! Go! Cory Carson Christmas, Paul Killam
31,A Go! Go! Cory Carson Christmas, Smith Foreman
32,A Go! Go! Cory Carson Christmas, Ann Kendrick
33,A Go! Go! Cory Carson Christmas, Ella Joy Ballesteros
34,A Go! Go! Cory Carson Christmas, Neena-Sinaii Simpo
35,A Go! Go! Cory Carson Christmas, Eli Morse
37,A New York Christmas Wedding,Nia Fairweather
38,A New York Christmas Wedding, Chris Noth
39,A New York Christmas Wedding, Cooper Koch
40,A New York Christmas Wedding, Tyra Ferrell
41,A New York Christmas Wedding, Denny Dillon
42,A New York Christmas Wedding, Adriana DeMeo
43,A New York Christmas Wedding, Otoja Abit
44,A New York Christmas Wedding, David Anzuelo
45,A New York Christmas Wedding, Camilla Harden
46,A New York Christmas Wedding, Natasha Goodman
47,A New York Christmas Wedding, Avery Whitted
48,A New York Christmas Wedding, Tony D. Head
49,A New York Christmas Wedding, Joe Perrino
51,After We Collided,Josephine Langford
52,After We Collided, Hero Fiennes Tiffin
53,After We Collided, Dylan Sprouse
54,After We Collided, Selma Blair
55,After We Collided, Louise Lombard
56,After We Collided, Shane Paul McGhie
57,After We Collided, Candice King
58,After We Collided, Charlie Weber
59,After We Collided, Khadijha Red Thunder
60,After We Collided, Inanna Sarkis
61,After We Collided, Pia Mia
62,After We Collided, Samuel Larsen
63,After We Collided, Dylan Arnold
64,After We Collided, Karimah Westbrook
65,After We Collided, Rob Estes
66,Airplane Mode,Larissa Manoela
67,Airplane Mode, André Luiz Frambach
68,Airplane Mode, Erasmo Carlos
69,Airplane Mode, Mariana Amâncio
70,Airplane Mode, Amanda Orestes
71,Airplane Mode, Eike Duarte
72,Airplane Mode, Nayobe Nzainab
73,Airplane Mode, Katiuscia Canoro
74,Airplane Mode, Phellyx Moura
75,Airplane Mode, Dani Ornellas
76,Airplane Mode, Michel Bercovitch
77,Airplane Mode, Sílvia Lourenço
78,Alien Xmas,Keythe Farley
79,Alien Xmas, Dee Bradley Baker
80,Alien Xmas, Kaliayh Rhambo
81,Alien Xmas, Michelle Deco
82,Alien Xmas, Barbara Goodson
83,All Day and a Night,Jeffrey Wright
84,All Day and a Night, Ashton Sanders
85,All Day and a Night, Regina Taylor
86,All Day and a Night, Yahya Abdul-Mateen II
87,All Day and a Night, Isaiah John
88,All Day and a Night, Kelly Jenrette
89,All Day and a Night, Shakira Ja-nai Paye
90,All The Bright Places,Elle Fanning
91,All The Bright Places, Justice Smith
92,All The Bright Places, Luke Wilson
93,All The Bright Places, Keegan-Michael Key
94,All The Bright Places, Alexandra Shipp
95,All The Bright Places, Lamar Johnson
96,All The Bright Places, Virginia Gardner
97,All The Bright Places, Kelli O'Hara
98,All The Bright Places, Felix Mallard
99,All The Bright Places, Sofia Hasmik
100,All Together Now,Auli'i Cravalho
101,All Together Now, Justina Machado
102,All Together Now, Rhenzy Feliz
103,All Together Now, Fred Armisen
104,All Together Now, Carol Burnett
105,All Together Now, Judy Reyes
106,All Together Now, Taylor Richardson
107,All Together Now, C.S. Lee
108,All Together Now, Anthony Jacques
109,Almost Love,Scott Evans
110,Almost Love, Augustus Prew
111,Almost Love, Kate Walsh
112,Almost Love, Michelle Buteau
113,Almost Love, Zoë Chao
114,Almost Love, Patricia Clarkson
115,Almost Love, Colin Donnell
116,Almost Love, Christopher Gray
118,American Pie 9: Girls' Rules,Madison Pettis
119,American Pie 9: Girls' Rules, Lizze Broadway
120,American Pie 9: Girls' Rules, Piper Curda
121,American Pie 9: Girls' Rules, Natasha Behnam
122,American Pie 9: Girls' Rules, Darren Barnet
123,American Pie 9: Girls' Rules, Sara Rue
124,American Pie 9: Girls' Rules, Zachary Gordon
125,American Pie 9: Girls' Rules, Camaron Engels
126,American Pie 9: Girls' Rules, Christian Valderrama
127,American Pie 9: Girls' Rules, Zayne Emory
128,Angela's Christmas Wish,Lucy O'Connell
129,Angela's Christmas Wish, Brendan Mullins
130,Angela's Christmas Wish, Ruth Negga
131,Angela's Christmas Wish, Lola Metcalfe
132,Angela's Christmas Wish, Jared Harris
133,Angela's Christmas Wish, Moe Dunford
134,Angela's Christmas Wish, Oscar Butler
135,Angela's Christmas Wish, Shona Hamill
136,Angela's Christmas Wish, Pat Kinevane
137,Angela's Christmas Wish, Janet Moran
138,Angela's Christmas Wish, Anya O'Connor
139,"Ariana grande: excuse me, i love you",Ariana Grande
141,Ava,Jessica Chastain
142,Ava, Colin Farrell
143,Ava, John Malkovich
144,Ava, Common
145,Ava, Geena Davis
146,Ava, Jess Weixler
147,Ava, Diana Silvers
148,Ava, Joan Chen
149,Ava, Ioan Gruffudd
150,Banana Split,Hannah Marks
151,Banana Split, Liana Liberato
152,Banana Split, Dylan Sprouse
153,Banana Split, Luke Spencer Roberts
154,Banana Split, Jessica Hecht
155,Banana Split, Addison Riecke
156,Banana Split, Meagan Kimberly Smith
157,Banana Split, Haley Ramm
158,Barbie Princess Adventure,America Young
159,Barbie Princess Adventure, Erica Lindbeck
160,Barbie Princess Adventure, Ritesh Rajan
161,Barbie Princess Adventure, Dave Fennoy
162,Barbie Princess Adventure, Stephanie Sheh
163,Barbie Princess Adventure, Cristina Milizia
164,Barbie Princess Adventure, Desirae Whitfield
165,Barbie Princess Adventure, Emma Galvin
166,Barbie Princess Adventure, Angelo Restaino
167,Barbie Princess Adventure, Eamon Brennan
168,Barbie Princess Adventure, Ogie Banks
169,Becoming,Michelle Obama
170,Ben Platt Live from Radio City Music Hall,Ben Platt
171,Bert Kreischer: Hey Big Boy,Bert Kreischer
172,BLACKPINK: Light Up the Sky,Blackpink
173,Bobbleheads The Movie,Jennifer Coolidge
174,Bobbleheads The Movie, Karen Fukuhara
175,Bobbleheads The Movie, Khary Payton
176,Bobbleheads The Movie, Julian Sands
177,Bobbleheads The Movie, Brenda Song
178,Bobbleheads The Movie, Luke Wilson
179,Bobbleheads The Movie, Cher
180,Bulletproof 2,Faizon Love
181,Bulletproof 2, Kirk Fox
182,Bulletproof 2, Tony Todd
183,Bulletproof 2, Pearl Thusi
184,Bulletproof 2, Cassie Clare
185,Bulletproof 2, Fiona Ramsey
186,Bulletproof 2, Neels Clasen
187,Bulletproof 2, Roxy Nel
189,Captain Underpants Epic Choice-o-Rama,Nat Faxon
190,Captain Underpants Epic Choice-o-Rama, Jay Gragnani
191,Captain Underpants Epic Choice-o-Rama, Ramone Hamilton
192,Captain Underpants Epic Choice-o-Rama, Sean Astin
193,Captain Underpants Epic Choice-o-Rama, Dayci Brookshire
194,Captain Underpants Epic Choice-o-Rama, Jorge Diaz
195,Captain Underpants Epic Choice-o-Rama, Todd Grimes
196,Captain Underpants Epic Choice-o-Rama, Peter Hastings
197,Captain Underpants Epic Choice-o-Rama, Evan Kishiyama
198,Captain Underpants Epic Choice-o-Rama, David Koechner
199,Captain Underpants Epic Choice-o-Rama, Phil LaMarr
200,Captain Underpants Epic Choice-o-Rama, Erica Luttrell
201,Captain Underpants Epic Choice-o-Rama, Patty Mattson
202,Captain Underpants Epic Choice-o-Rama, Brennan Murray
203,Captain Underpants Epic Choice-o-Rama, Nolan North
204,Captain Underpants Mega Blissmas,Nat Faxon
205,Captain Underpants Mega Blissmas, Jay Gragnani
206,Captain Underpants Mega Blissmas, Ramone Hamilton
207,Captain Underpants Mega Blissmas, Sean Astin
208,Captain Underpants Mega Blissmas, Dayci Brookshire
209,Captain Underpants Mega Blissmas, Jim Cummings
210,Captain Underpants Mega Blissmas, Jorge Diaz
211,Chris D'Elia: No Pain,Chris D'Elia
213,Coffee & Kareem,Ed Helms
214,Coffee & Kareem, Taraji P. Henson
215,Coffee & Kareem, Terrence Little Gardenhigh
216,Coffee & Kareem, Betty Gilpin
217,Cops and Robbers,Timothy Ware-Hill
219,Da 5 Bloods,Delroy Lindo
220,Da 5 Bloods, Jonathan Majors
221,Da 5 Bloods, Clarke Peters
222,Da 5 Bloods, Norm Lewis
223,Da 5 Bloods, Isiah Whitlock Jr.
224,Da 5 Bloods, Mélanie Thierry
225,Da 5 Bloods, Paul Walter Hauser
226,Da 5 Bloods, Jasper Pääkkönen
227,Da 5 Bloods, Johnny Nguyen
228,Da 5 Bloods, Chadwick Boseman
229,Dance Dreams: Hot Chocolate Nutcracker,Debbie Allen
230,Dangerous Lies,Camila Mendes
231,Dangerous Lies, Jessie T. Usher
232,Dangerous Lies, Jamie Chung
233,Dangerous Lies, Cam Gigandet
234,Dangerous Lies, Sasha Alexander
235,Dangerous Lies, Elliott Gould
237,Death to 2020,Samuel L. Jackson
238,Death to 2020, Hugh Grant
239,Death to 2020, Lisa Kudrow
240,Death to 2020, Kumail Nanjiani
241,Death to 2020, Tracey Ullman
242,Death to 2020, Samson Kayo
243,Death to 2020, Leslie Jones
244,Death to 2020, Diane Morgan
245,Death to 2020, Cristin Milioti
246,Death to 2020, Joe Keery
247,Desperados,Nasim Pedrad
248,Desperados, Anna Camp
249,Desperados, Lamorne Morris
250,Desperados, Heather Graham
251,Desperados, Robbie Amell
252,Desperados, Sarah Burns
253,Desperados, Jessica Chaffin
256,Dolly Parton’s Christmas on the Square,Dolly Parton
257,Dolly Parton’s Christmas on the Square, Christine Baranski
258,Dolly Parton’s Christmas on the Square, Treat Williams
259,Dolly Parton’s Christmas on the Square, Jenifer Lewis
260,Dolly Parton’s Christmas on the Square, Josh Segarra
261,Dolly Parton’s Christmas on the Square, Jeanine Mason
262,Dolly Parton’s Christmas on the Square, Mary Lane Haskell
263,Dragonheart: Vengeance,Joseph Millson
264,Dragonheart: Vengeance, Jack Kane
265,Dragonheart: Vengeance, Helena Bonham Carter
266,Dragonheart: Vengeance, Arturo Muselli
267,Dragonheart: Vengeance, Carolina Carlsson
268,Dragonheart: Vengeance, Tam Williams
269,Dragonheart: Vengeance, Richard Ashton
270,Dragonheart: Vengeance, Ross O'Hennessy
271,Dragonheart: Vengeance, Cameron Jack
272,Dragonheart: Vengeance, Fabienne Piolini-Castle
273,Dragons: Rescue Riders: Hunt for the Golden Dragon,Noah Kaye Bentley
274,Dragons: Rescue Riders: Hunt for the Golden Dragon, Brennley Brown
275,Dragons: Rescue Riders: Hunt for the Golden Dragon, Zach Callison
276,Dragons: Rescue Riders: Hunt for the Golden Dragon, Nicolas Cantu
277,Dragons: Rescue Riders: Hunt for the Golden Dragon, Skai Jackson
278,Dragons: Rescue Riders: Hunt for the Golden Dragon, Marsai Martin
279,Dragons: Rescue Riders: Hunt for the Golden Dragon, Andre Robinson
280,Dragons: Rescue Riders: Hunt for the Golden Dragon, Carlos Alazraqui
281,Dragons: Rescue Riders: Hunt for the Golden Dragon, Jeff Bennett
282,Dragons: Rescue Riders: Hunt for the Golden Dragon, Grey Griffin
283,Dragons: Rescue Riders: Hunt for the Golden Dragon, Mary Elizabeth McGlynn
284,Dragons: Rescue Riders: Huttsgalor Holiday,Noah Kaye Bentley
285,Dragons: Rescue Riders: Huttsgalor Holiday, Brennley Brown
286,Dragons: Rescue Riders: Huttsgalor Holiday, Zach Callison
287,Dragons: Rescue Riders: Huttsgalor Holiday, Nicolas Cantu
288,Dragons: Rescue Riders: Huttsgalor Holiday, Skai Jackson
289,Dragons: Rescue Riders: Huttsgalor Holiday, Marsai Martin
290,Dragons: Rescue Riders: Huttsgalor Holiday, Andre Robinson
291,Dragons: Rescue Riders: Huttsgalor Holiday, Carlos Alazraqui
292,Dragons: Rescue Riders: Huttsgalor Holiday, Roshon Fegan
293,Dragons: Rescue Riders: Huttsgalor Holiday, Grey Griffin
294,Dragons: Rescue Riders: Huttsgalor Holiday, Brad Grusnick
295,Dragons: Rescue Riders: Huttsgalor Holiday, Sam Lavagnino
296,Dragons: Rescue Riders: Huttsgalor Holiday, John C. McGinley
297,Dragons: Rescue Riders: Huttsgalor Holiday, Roger Craig Smith
298,Dragons: Rescue Riders: Secrets of the Songwing,Noah Kaye Bentley
299,Dragons: Rescue Riders: Secrets of the Songwing, Brennley Brown
300,Dragons: Rescue Riders: Secrets of the Songwing, Zach Callison
301,Dragons: Rescue Riders: Secrets of the Songwing, Nicolas Cantu
302,Dragons: Rescue Riders: Secrets of the Songwing, Skai Jackson
303,Dragons: Rescue Riders: Secrets of the Songwing, Marsai Martin
304,Dragons: Rescue Riders: Secrets of the Songwing, Andre Robinson
305,Dragons: Rescue Riders: Secrets of the Songwing, Carlos Alazraqui
306,Dragons: Rescue Riders: Secrets of the Songwing, Renée Elise Goldsberry
307,Elf Pets: A Fox Cub’s Christmas Tale,Leslie Bellair
308,Elf Pets: A Fox Cub’s Christmas Tale, Brad Hyland
309,Elf Pets: A Fox Cub’s Christmas Tale, Brody Rose
310,Elf Pets: A Fox Cub’s Christmas Tale, Carol Aebersold
311,Elf Pets: Santa’s Reindeer Rescue,Brad Hyland
312,Elf Pets: Santa’s Reindeer Rescue, Drew Barber
313,Elf Pets: Santa’s Reindeer Rescue, Ashley Roberts
314,Elf Pets: Santa’s Reindeer Rescue, Lowrey Brown
315,Elf Pets: Santa’s Reindeer Rescue, Kristyl Tift
316,Elf Pets: Santa’s Reindeer Rescue, Manny Mahen
317,Elf Pets: Santa’s Reindeer Rescue, Olivia Berkeley
318,Elf Pets: Santa’s Reindeer Rescue, Eleanor Rocha
319,Eric Andre: Legalize Everything,Eric André
320,Eurovision Song Contest: The Story of Fire Saga,Will Ferrell
321,Eurovision Song Contest: The Story of Fire Saga, Rachel McAdams
322,Eurovision Song Contest: The Story of Fire Saga, Dan Stevens
323,Eurovision Song Contest: The Story of Fire Saga, Melissanthi Mahut
324,Eurovision Song Contest: The Story of Fire Saga, Mikael Persbrandt
325,Eurovision Song Contest: The Story of Fire Saga, Ólafur Darri Ólafsson
326,Eurovision Song Contest: The Story of Fire Saga, Graham Norton
327,Eurovision Song Contest: The Story of Fire Saga, Demi Lovato
328,Eurovision Song Contest: The Story of Fire Saga, Pierce Brosnan
329,Extraction,Chris Hemsworth
330,Extraction, Rudhraksh Jaiswal
331,Extraction, Randeep Hooda
332,Extraction, Golshifteh Farahani
333,Extraction, Pankaj Tripathi
334,Extraction, David Harbour
335,Fat Ballerina - David A. Arnold,David A. Arnold
336,Fatal Affair,Nia Long
337,Fatal Affair, Omar Epps
338,Fatal Affair, Stephen Bishop
339,Fatal Affair, Maya Stojan
340,Fatal Affair, Aubrey Cleland
341,Fatal Affair, Carolyn Hennesy
343,Feel the Beat,Sofia Carson
344,Feel the Beat, Wolfgang Novogratz
345,Feel the Beat, Donna Lynne Champlin
346,Feel the Beat, Eva Hauge
347,Feel the Beat, Rex Lee
348,Feel the Beat, Brandon Kyle Goodman
349,Feel the Beat, Lidya Jewett
350,Feel the Beat, Sadie Lapidus
351,Feel the Beat, Johanna Colón
352,Feel the Beat, Shaylee Mansfield
353,Feel the Beat, Shiloh Nelson
354,Feel the Beat, Justin Allan
355,Feel the Beat, Carina Battrick
356,Feel the Beat, Kai Zen
357,Feel the Beat, Marissa Jaret Winokur
358,Feel the Beat, Enrico Colantoni
359,Feel the Beat, Dennis Andres
360,Fortune Feimster: Sweet & Salty,Fortune Feimster
361,Full Out 2: You Got This!,Sydney Cope
362,Full Out 2: You Got This!, Logan Edra
363,Full Out 2: You Got This!, Liza Wilk
364,Full Out 2: You Got This!, Braedyn Bruner
365,Full Out 2: You Got This!, Billie Merritt
366,George Lopez: We'll Do It For Half,George Lopez
367,Giving Voice,Viola Davis
368,Giving Voice, Denzel Washington
369,Giving Voice, Stephen Henderson
370,Giving Voice, Freedom Martin
371,Giving Voice, Nia Sarfo
372,Giving Voice, Cody Merridith
373,Giving Voice, Gerardo Navarro
374,Giving Voice, Aaron Guy
375,Giving Voice, Callie Holley
376,Go! Go! Cory Carson: The Chrissy,Alan C. Lim
377,Go! Go! Cory Carson: The Chrissy, Maisie Benson
378,Go! Go! Cory Carson: The Chrissy, Kerry Gudjohnsen
379,Go! Go! Cory Carson: The Chrissy, Terrance Smith
380,Go! Go! Cory Carson: The Chrissy, Paul Killam
381,Go! Go! Cory Carson: The Chrissy, Omari Weaver
382,Go! Go! Cory Carson: The Chrissy, Ella Joy Ballesteros
383,Go! Go! Cory Carson: The Chrissy, Smith Foreman
384,Go! Go! Cory Carson: The Chrissy, Stanley Moore
385,Guest House,Pauly Shore
386,Guest House, Mike Castle
387,Guest House, Aimee Teegarden
388,Guest House, Billy Zane
389,Guest House, Charlotte McKinney
390,Guest House, Louis Ferrigno
391,Guest House,  Jr.
392,Guest House, Erik Griffin
393,Guest House, Bobby Lee
394,Guest House, Punkie Johnson
395,Guest House, Mikaela Hoover
396,Guest House, Chris Kattan
397,Guest House, Steve-O
398,Hard Kill,Jesse Metcalfe
399,Hard Kill, Bruce Willis
400,Hard Kill, Natalie Eva Marie
401,Hard Kill, Lala Kent
402,Hard Kill, Texas Battle
403,Hard Kill, Swen Temmel
404,Hard Kill, Sergio Rizzuto
405,Hard Kill, Tyler Jon Olson
406,Hard Kill, Jon Galanis
407,Have a Good Trip: Adventures in Psychedelics,Nick Offerman
408,Have a Good Trip: Adventures in Psychedelics, Adam Scott
409,Hillbilly Elegy,Amy Adams
410,Hillbilly Elegy, Glenn Close
411,Hillbilly Elegy, Gabriel Basso
412,Hillbilly Elegy, Haley Bennett
413,Hillbilly Elegy, Freida Pinto
414,Hillbilly Elegy, Bo Hopkins
415,Hillbilly Elegy, Owen Asztalos
416,Holidate,Emma Roberts
417,Holidate, Luke Bracey
418,Holidate, Kristin Chenoweth
419,Holidate, Frances Fisher
420,Holidate, Jessica Capshaw
421,Holidate, Andrew Bachelor
422,Holidate, Cynthy Wu
423,Holidate, Alex Moffat
424,Holidate, Manish Dayal
425,Horse Girl,Alison Brie
426,Horse Girl, Debby Ryan
427,Horse Girl, Paul Reiser
428,Horse Girl, John Reynolds
429,Horse Girl, Molly Shannon
430,Horse Girl, John Ortiz
431,Horse Girl, Meredith Hagner
432,Horse Girl, Jake Picking
433,Horse Girl, David Paymer
434,Horse Girl, Jay Duplass
435,Hubie Halloween,Adam Sandler
436,Hubie Halloween, Kevin James
437,Hubie Halloween, Julie Bowen
438,Hubie Halloween, Ray Liotta
439,Hubie Halloween, Steve Buscemi
440,Hubie Halloween, Maya Rudolph
441,Hubie Halloween, Rob Schneider
442,Hubie Halloween, June Squibb
443,Hubie Halloween, Kenan Thompson
444,Hubie Halloween, Tim Meadows
445,Hubie Halloween, Michael Chiklis
446,Hubie Halloween, Karan Brar
447,Hubie Halloween, George Wallace
448,Hubie Halloween, Paris Berelc
449,Hubie Halloween, Noah Schnapp
450,Hubie Halloween, China Anne McClain
451,Hubie Halloween, Colin Quinn
452,Hubie Halloween, Kym Whitley
453,Hubie Halloween, Lavell Crawford
454,Hubie Halloween, Mikey Day
455,Hubie Halloween, Jackie Sandler
456,Hubie Halloween, Sadie Sandler
457,Hubie Halloween, Sunny Sandler
458,I'm Thinking of Ending Things,Jessie Buckley
459,I'm Thinking of Ending Things, Jesse Plemons
460,I'm Thinking of Ending Things, Toni Collette
461,I'm Thinking of Ending Things, David Thewlis
462,I'm Thinking of Ending Things, Guy Boyd
464,Jerry Seinfeld: 23 Hours To Kill,Jerry Seinfeld
465,Jingle Jangle: A Christmas Journey,Forest Whitaker
466,Jingle Jangle: A Christmas Journey, Keegan-Michael Key
467,Jingle Jangle: A Christmas Journey, Hugh Bonneville
468,Jingle Jangle: A Christmas Journey, Anika Noni Rose
469,Jingle Jangle: A Christmas Journey, Madalen Mills
470,Jingle Jangle: A Christmas Journey, Phylicia Rashad
471,Jingle Jangle: A Christmas Journey, Ricky Martin
472,Jingle Jangle: A Christmas Journey, Justin Cornwell
473,Jingle Jangle: A Christmas Journey, Sharon Rose
474,Jingle Jangle: A Christmas Journey, Lisa Davina Phillip
475,Jingle Jangle: A Christmas Journey, Kieron Dyer
476,Jo Koy: In His Elements,Jo Koy
477,Jo Koy: In His Elements, Andrew Lopez
478,Jo Koy: In His Elements, Joey Guila
479,Jo Koy: In His Elements, Andrew Orolfo
480,John Henry,Terry Crews
481,John Henry, Ludacris
482,John Henry, Jamila Velazquez
483,John Henry, J.J. Soria
484,John Henry, Ken Foree
485,John Henry, Daffany Clark
486,John Henry, Kimberly Hébert-Gregory
487,John Henry, Tyler Alvarez
489,Kevin Hart: Zero F**ks Given,Kevin Hart
490,Kiss the Ground,Woody Harrelson
491,Larry the Cable Guy: Remain Seated,Larry the Cable Guy
492,Leslie Jones: Time Machine,Leslie Jones
493,London Hughes: To Catch a D*ck,London Hughes
494,Lost Girls,Amy Ryan
495,Lost Girls, Gabriel Byrne
496,Lost Girls, Thomasin McKenzie
497,Lost Girls, Lola Kirke
498,Lost Girls, Oona Laurence
499,Lost Girls, Dean Winters
500,Lost Girls, Miriam Shor
501,Lost Girls, Reed Birney
502,Lost Girls, Kevin Corrigan
503,Lost Girls, Stan Carp
504,"Love, Guaranteed",Rachael Leigh Cook
505,"Love, Guaranteed", Damon Wayans Jr.
506,"Love, Guaranteed", Heather Graham
507,"Love, Guaranteed", Caitlin Howden
508,"Love, Guaranteed", Brendan Taylor
509,"Love, Guaranteed", Sebastian Billingsley-Rodriguez
510,"Love, Guaranteed", Sean Amsing
511,"Love, Guaranteed", Lisa Durupt
512,"Love, Guaranteed", Alvin Sanders
513,"Love, Guaranteed", Jed Rees
514,"Love, Guaranteed", Kandyse McClure
515,Ma Rainey's Black Bottom,Viola Davis
516,Ma Rainey's Black Bottom, Chadwick Boseman
517,Ma Rainey's Black Bottom, Glynn Turman
518,Ma Rainey's Black Bottom, Colman Domingo
519,Ma Rainey's Black Bottom, Michael Potts
520,Ma Rainey's Black Bottom, Jonny Coyne
521,Ma Rainey's Black Bottom, Taylour Paige
522,Ma Rainey's Black Bottom, Jeremy Shamos
523,Ma Rainey's Black Bottom, Dusan Brown
524,Ma Rainey's Black Bottom, Joshua Harto
525,Making The Witcher,Henry Cavill
526,Making The Witcher, Anya Chalotra
527,Making The Witcher, Freya Allan
528,Making The Witcher, Eamon Farren
529,Making The Witcher, Mimi Ndiweni
530,Making The Witcher, Adam Levy
531,Making The Witcher, MyAnna Buring
532,Making The Witcher, Joey Batey
533,Making The Witcher, Lauren Schmidt Hissrich
534,Making The Witcher, Tomasz Bagiński
535,Making The Witcher, Andrew Laws
536,Making The Witcher, Sneha Koorse
537,Making The Witcher, Declan De Barra
538,Making The Witcher, Beau DeMayo
539,Making The Witcher, Simon Emanuel
540,Making The Witcher, Iván Pohárnok
541,Making The Witcher, Tim Aslam
542,Making The Witcher, Charlotte Brändström
543,Malibu Rescue: The Next Wave,Ricardo Hurtado
544,Malibu Rescue: The Next Wave, Breanna Yde
545,Malibu Rescue: The Next Wave, Jackie R. Jacobson
546,Malibu Rescue: The Next Wave, Abby Donnelly
547,Malibu Rescue: The Next Wave, Alkoya Brunson
548,Malibu Rescue: The Next Wave, Jeff Meacham
549,Malibu Rescue: The Next Wave, Ella Gross
550,Malibu Rescue: The Next Wave, Carlos Sanson
551,Malibu Rescue: The Next Wave, JT Neal
552,Malibu Rescue: The Next Wave, Camaron Engels
553,Malibu Rescue: The Next Wave, Kirrilee Berger
554,MANK,Gary Oldman
555,MANK, Amanda Seyfried
556,MANK, Charles Dance
557,MANK, Lily Collins
558,MANK, Arliss Howard
559,MANK, Tom Pelphrey
560,MANK, Sam Troughton
561,MANK, Ferdinand Kingsley
562,MANK, Tuppence Middleton
563,MANK, Tom Burke
564,MANK, Joseph Cross
565,MANK, Jamie McShane
566,MANK, Toby Leonard Moore
567,MANK, Monika Gossmann
568,Marc Maron: End Times Fun,Marc Maron
569,Michelle Buteau: Welcome to Buteaupia,Michelle Buteau
570,Miss Americana,Taylor Swift
571,Mosul,Suhail Dabbach
572,Mosul, Adam Bessa
573,Mosul, Is'haq Elias
574,Mosul, Qutaiba Abdelhaq
575,Mosul, Ahmad El Ghanem
576,Mosul, Hicham Ouarqa
577,Mosul, Mohimen Mahbuba
578,Mosul, Thaer Al-Shayei
579,Mosul, Abdellah Bensaid
580,Mosul, Faycal Attougui
581,Mosul, Mohamed Attougui
582,Mosul, Tarik Belmekki
583,Mosul, Hayat Kamille
584,Mosul, Seema Al Khalidi
585,Mosul, Waleed Algadi
586,Mucho Mucho Amor: The Legend of Walter Mercado,Walter Mercado
588,Natalie Palamides: Nate - A One Man Show,Natalie Palamides
589,Norm of the North: Family Vacation,Andrew Toth
590,Norm of the North: Family Vacation, Lisa Durupt
591,Norm of the North: Family Vacation, Jonathan Holmes
592,Norm of the North: Family Vacation, Paul Dobson
593,Norm of the North: Family Vacation, Cole Howard
594,Norm of the North: Family Vacation, Brian Drummond
595,Norm of the North: Family Vacation, Jennifer Cameron
596,Operation Christmas Drop,Kat Graham
597,Operation Christmas Drop, Alexander Ludwig
598,Operation Christmas Drop, Virginia Madsen
599,Operation Christmas Drop, Janet Kidder
600,Operation Christmas Drop, Jeff Joseph
601,Operation Christmas Drop, Bethany Brown
602,Operation Christmas Drop, Trezzo Mahoro
603,Operation Christmas Drop, Rohan Campbell
604,Operation Christmas Drop, Aliza Vellani
605,Operation Christmas Drop, Aaron Douglas
606,Operation Christmas Drop, Xavier de Guzman
607,Operation Christmas Drop, Bruce Best
608,Pete Davidson: Alive From New York,Pete Davidson
609,Project Power,Jamie Foxx
610,Project Power, Joseph Gordon-Levitt
611,Project Power, Dominique Fishback
612,Project Power, Rodrigo Santoro
613,Project Power, Courtney B. Vance
614,Project Power, Amy Landecker
615,Project Power, Machine Gun Kelly
616,Project Power, Tait Fletcher
617,Project Power, Allen Maldonado
618,Project Power, Andrene Ward-Hammond
619,Residue,Obinna Nwachukwu
620,Residue, Dennis Lindsey
621,Residue, Taline Stewart
622,Residue, Derron Scott
623,Residue, Jamal Graham
624,Residue, JaCari Dye
625,Residue, Julian Selman
626,Residue, Melody Tally
627,Residue, Ramon Thompson
628,Residue, Hasinatu Camara
629,Riding Faith,John Schneider
630,Riding Faith, T.C. Stallings
631,Riding Faith, Grace Van Dien
632,Riding Faith, Marisa Brown
633,Riding Faith, Jimmy Deshler
634,"Rob Schneider: Asian Momma, Mexican Kids",Rob Schneider
635,Rogue Warfare: The Hunt,Will Yun Lee
636,Rogue Warfare: The Hunt, Jermaine Love
637,Rogue Warfare: The Hunt, Rory Markham
638,Rogue Warfare: The Hunt, Bertrand-Xavier Corbi
639,Rogue Warfare: The Hunt, Katie Keene
640,Rogue Warfare: The Hunt, Fernando Chien
641,Rogue Warfare: The Hunt, Gina DeCesare
642,Rogue Warfare: The Hunt, Michael Blalock
643,Rogue Warfare: The Hunt, Chris Mulkey
644,Rogue Warfare: The Hunt, Stephen Lang
645,Roped,Josh Swickard
646,Roped, Casper Van Dien
647,Roped, Lorynn York
648,Roped, Christina Moore
649,Roped, John Schneider
650,Roped, Michael Roark
651,Roped, Shane Graham
652,Roped, Cooper Lundeen
653,Roped, Javicia Leslie
654,Roped, Spencer Neville
655,Sam Jay: 3 In The Morning,Sam Jay
656,Sarah Cooper: Everything's Fine,Sarah Cooper
657,Sarah Cooper: Everything's Fine, Fred Armisen
658,Sarah Cooper: Everything's Fine, Maya Rudolph
659,Sarah Cooper: Everything's Fine, Ben Stiller
660,Sarah Cooper: Everything's Fine, Megan Thee Stallion
661,Sarah Cooper: Everything's Fine, Jane Lynch
662,Sarah Cooper: Everything's Fine, Jon Hamm
663,Sarah Cooper: Everything's Fine, Aubrey Plaza
664,Sarah Cooper: Everything's Fine, Connie Chung
665,Sarah Cooper: Everything's Fine, Jordan Black
666,Sarah Cooper: Everything's Fine, Tommy Davidson
667,Sarah Cooper: Everything's Fine, Helen Mirren
668,Sarah Cooper: Everything's Fine, Jonathan Van Ness
669,Sarah Cooper: Everything's Fine, Danielle Brooks
670,Sarah Cooper: Everything's Fine, Winona Ryder
671,Sarah Cooper: Everything's Fine, Marcella Arguello
672,Sarah Cooper: Everything's Fine, Eddie Pepitone
673,Sarah Cooper: Everything's Fine, Marisa Tomei
674,Sarah Cooper: Everything's Fine, Whoopi Goldberg
675,Sarah Cooper: Everything's Fine, Tom Kane
677,Sergio,Wagner Moura
678,Sergio, Ana de Armas
679,Sergio, Brían F. O'Byrne
680,Sergio, Clemens Schick
681,Sergio, Bradley Whitford
682,Shawn Mendes: In Wonder,Shawn Mendes
684,Spenser Confidential,Mark Wahlberg
685,Spenser Confidential, Winston Duke
686,Spenser Confidential, Alan Arkin
687,Spenser Confidential, Bokeem Woodbine
688,Spenser Confidential, Iliza Shlesinger
689,Spenser Confidential, Hope Olaide Wilson
690,Spenser Confidential, Marc Maron
691,Spirit Riding Free: Ride Along Adventure,Amber Frank
692,Spirit Riding Free: Ride Along Adventure, Bailey Gambertoglio
693,Spirit Riding Free: Ride Along Adventure, Sydney Park
694,Spirit Riding Free: Ride Along Adventure, Katey Sagal
695,Spirit Riding Free: Ride Along Adventure, Rachel Kimsey
696,Spirit Riding Free: Ride Along Adventure, Darcy Rose Byrnes
697,Spirit Riding Free: Ride Along Adventure, Duncan Joiner
698,Spirit Riding Free: Ride Along Adventure, Bella Aboulhosn
699,Spirit Riding Free: Ride Along Adventure, Kai Scott
700,Straight Up,James Sweeney
701,Straight Up, Katie Findlay
702,Straight Up, Randall Park
703,Straight Up, Hillary Anne Matthews
704,Straight Up, James Scully
705,Straight Up, Betsy Brandt
706,Sugar High,Hunter March
707,Taylor Tomlinson: Quarter-Life Crisis,Taylor Tomlinson
708,The 2nd,Ryan Phillippe
709,The 2nd, Casper Van Dien
710,The 2nd, Jack Griffo
711,The 2nd, Lexi Simonsen
712,The 2nd, Richard Burgi
713,The 2nd, William Katt
714,The 2nd, Samaire Armstrong
715,The 2nd, William McNamara
716,The 2nd, Jacob Grodnik
717,The App That Stole Christmas,Jackie Long
718,The App That Stole Christmas, Diane Marie Howard
719,The App That Stole Christmas, Jaylin Hall
720,The App That Stole Christmas, Miguel A. Núñez Jr.
721,The App That Stole Christmas, Ray J
722,The App That Stole Christmas, JayQ The Legend
723,The App That Stole Christmas, J. Anthony Brown
724,The App That Stole Christmas, Kenny Rhodes
725,The App That Stole Christmas, Amber Cosich
726,The Babysitter: Killer Queen,Judah Lewis
727,The Babysitter: Killer Queen, Jenna Ortega
728,The Babysitter: Killer Queen, Emily Alyn Lind
729,The Babysitter: Killer Queen, Andrew Bachelor
730,The Babysitter: Killer Queen, Robbie Amell
731,The Babysitter: Killer Queen, Bella Thorne
732,The Babysitter: Killer Queen, Hana Mae Lee
733,The Babysitter: Killer Queen, Ken Marino
734,The Babysitter: Killer Queen, Leslie Bibb
735,The Babysitter: Killer Queen, Chris Wylde
736,The Babysitter: Killer Queen, Carl McDowell
737,The Boss Baby: Get That Baby!,JP Karliak
738,The Boss Baby: Get That Baby!, Pierce Gagnon
739,The Boss Baby: Get That Baby!, Alex Cazares
740,The Boss Baby: Get That Baby!, Kevin Michael Richardson
741,The Boss Baby: Get That Baby!, Flula Borg
742,The Boss Baby: Get That Baby!, Rhys Darby
743,The Boss Baby: Get That Baby!, Wendie Malick
744,The Boss Baby: Get That Baby!, Jake Green
745,The Boys in the Band,Jim Parsons
746,The Boys in the Band, Zachary Quinto
747,The Boys in the Band, Matt Bomer
748,The Boys in the Band, Andrew Rannells
749,The Boys in the Band, Charlie Carver
750,The Boys in the Band, Robin de Jesús
751,The Boys in the Band, Brian Hutchison
752,The Boys in the Band, Michael Benjamin Washington
753,The Boys in the Band, Tuc Watkins
754,The Boys in the Band: Something Personal,Jim Parsons
755,The Boys in the Band: Something Personal, Zachary Quinto
756,The Boys in the Band: Something Personal, Matt Bomer
757,The Boys in the Band: Something Personal, Andrew Rannells
758,The Boys in the Band: Something Personal, Charlie Carver
759,The Boys in the Band: Something Personal, Robin de Jesús
760,The Boys in the Band: Something Personal, Brian Hutchison
761,The Boys in the Band: Something Personal, Michael Benjamin Washington
762,The Boys in the Band: Something Personal, Tuc Watkins
763,The Boys in the Band: Something Personal, Joe Mantello
764,The Boys in the Band: Something Personal, Ned Martel
765,The Boys in the Band: Something Personal, Mart Crowley
767,The Debt Collector 2,Scott Adkins
768,The Debt Collector 2, Louis Mandylor
769,The Debt Collector 2, Vladimir Kulich
770,The Debt Collector 2, Marina Sirtis
771,The Debt Collector 2, Ski Carr
772,The Debt Collector 2, Charity Collins
773,The Debt Collector 2, Mayling Ng
774,The Debt Collector 2, Josef Cannon
775,The Debt Collector 2, Jermaine Jacox
776,The Debt Collector 2, Vernon Wells
777,The Devil All The Time,Tom Holland
778,The Devil All The Time, Bill Skarsgård
779,The Devil All The Time, Riley Keough
780,The Devil All The Time, Robert Pattinson
781,The Devil All The Time, Mia Wasikowska
782,The Devil All The Time, Jason Clarke
783,The Devil All The Time, Sebastian Stan
784,The Devil All The Time, Haley Bennett
785,The Devil All The Time, Harry Melling
786,The Devil All The Time, Eliza Scanlen
787,The Forty-Year-Old Version,Radha Blank
788,The Forty-Year-Old Version, Peter Kim
789,The Forty-Year-Old Version, Oswin Benjamin
790,The Forty-Year-Old Version, Imani Lewis
791,The Forty-Year-Old Version, Haskiri Velazquez
792,The Forty-Year-Old Version, Antonio Ortiz
793,The Forty-Year-Old Version, T.J. Atoms
794,The Forty-Year-Old Version, Reed Birney
795,The Half Of It,Leah Lewis
796,The Half Of It, Daniel Diemer
797,The Half Of It, Alexxis Lemire
798,The Half Of It, Wolfgang Novogratz
799,The Half Of It, Collin Chou
800,The Half Of It, Becky Ann Baker
801,The Half Of It, Enrique Murciano
802,The Half Of It, Macintyre Dixon
803,The Half Of It, Catherine Curtin
804,The Last Days of American Crime,Edgar Ramírez
805,The Last Days of American Crime, Michael Pitt
806,The Last Days of American Crime, Anna Brewster
807,The Last Days of American Crime, Patrick Bergin
808,The Last Days of American Crime, Sharlto Copley
809,The Last Days of American Crime, Brandon Auret
810,The Last Days of American Crime, Tamer Burjaq
811,The Last Days of American Crime, Terence Maynard
812,The Last Days of American Crime, James Richard Marshall
813,The Last Thing He Wanted,Anne Hathaway
814,The Last Thing He Wanted, Ben Affleck
815,The Last Thing He Wanted, Willem Dafoe
816,The Last Thing He Wanted, Toby Jones
817,The Last Thing He Wanted, Rosie Perez
818,The Last Thing He Wanted, Edi Gathegi
819,The Last Thing He Wanted, Mel Rodriguez
820,The Last Thing He Wanted, Onata Aprile
821,The Lost Husband,Leslie Bibb
822,The Lost Husband, Josh Duhamel
823,The Lost Husband, Nora Dunn
824,The Lost Husband, Sharon Lawrence
825,The Lost Husband, Callie Hope Haverda
826,The Lost Husband, Roxton Garcia
827,The Lovebirds,Issa Rae
828,The Lovebirds, Kumail Nanjiani
829,The Lovebirds, Paul Sparks
830,The Lovebirds, Anna Camp
831,The Lovebirds, Kyle Bornheimer
832,The Lovebirds, Nicholas X. Parsons
833,The Lovebirds, Andrene Ward-Hammond
834,The Lovebirds, Catherine Cohen
835,The Lovebirds, Barry Rothbart
836,The Magic School Bus Rides Again Kids In Space,Kate McKinnon
837,The Magic School Bus Rides Again Kids In Space, Matthew Mucci
838,The Magic School Bus Rides Again Kids In Space, Mikaela Blake
839,The Magic School Bus Rides Again Kids In Space, Gabby Clarke
840,The Magic School Bus Rides Again Kids In Space, Roman Lutterotti
841,The Magic School Bus Rides Again Kids In Space, Leke Maceda-Rustecki
842,The Magic School Bus Rides Again Kids In Space, Birva Pandya
843,The Magic School Bus Rides Again Kids In Space, Lynsey Pham
844,The Magic School Bus Rides Again Kids In Space, Kaden Stephen
845,The Main Event,Seth Carr
846,The Main Event, Tichina Arnold
847,The Main Event, Adam Pally
848,The Main Event, Ken Marino
849,The Main Event, Mike 'The Miz' Mizanin
850,The Main Event, Momona Tamada
851,The Main Event, Keith Lee
852,The Main Event, Babatunde Aiyegbusi
853,The Main Event, Kofi Kingston
854,The Midnight Sky,George Clooney
855,The Midnight Sky, Felicity Jones
856,The Midnight Sky, Kyle Chandler
857,The Midnight Sky, Demián Bichir
858,The Midnight Sky, David Oyelowo
859,The Midnight Sky, Tiffany Boone
860,The Midnight Sky, Caoilinn Springall
861,The Midnight Sky, Sophie Rundle
862,The Midnight Sky, Ethan Peck
863,The Netflix Afterparty: The Best Shows of The Worst Year,David Spade
864,The Netflix Afterparty: The Best Shows of The Worst Year, London Hughes
865,The Netflix Afterparty: The Best Shows of The Worst Year, Fortune Feimster
866,The Night Clerk,Tye Sheridan
867,The Night Clerk, Ana de Armas
868,The Night Clerk, Helen Hunt
869,The Night Clerk, John Leguizamo
870,The Night Clerk, Johnathon Schaech
871,The Night Clerk, Jacque Gray
872,The Old Guard,Charlize Theron
873,The Old Guard, KiKi Layne
874,The Old Guard, Marwan Kenzari
875,The Old Guard, Luca Marinelli
876,The Old Guard, Harry Melling
877,The Old Guard, Van Veronica Ngo
878,The Old Guard, Matthias Schoenaerts
879,The Old Guard, Chiwetel Ejiofor
880,The Princess Switch: Switched Again,Vanessa Hudgens
881,The Princess Switch: Switched Again, Nick Sagar
882,The Princess Switch: Switched Again, Sam Palladio
883,The Princess Switch: Switched Again, Mia Lloyd
884,The Princess Switch: Switched Again, Lachlan Nieboer
885,The Princess Switch: Switched Again, Ricky Norwood
886,The Princess Switch: Switched Again, Florence Hall
887,The Princess Switch: Switched Again, Suanne Braun
888,The Princess Switch: Switched Again, Mark Fleischmann
889,The Prom,Meryl Streep
890,The Prom, James Corden
891,The Prom, Nicole Kidman
892,The Prom, Kerry Washington
893,The Prom, Andrew Rannells
894,The Prom, Keegan-Michael Key
895,The Prom, Jo Ellen Pellman
896,The Prom, Ariana DeBose
897,The Prom, Mary Kay Place
898,The Prom, Kevin Chamberlin
899,The Prom, Tracey Ullman
900,The Prom, Logan Riley
901,The Prom, Sofia Deler
902,The Prom, Nico Greetham
903,The Prom, Nathaniel J. Potvin
904,The Sleepover,Sadie Stanley
905,The Sleepover, Maxwell Simkins
906,The Sleepover, Ken Marino
907,The Sleepover, Malin Akerman
908,The Sleepover, Cree Cicchino
909,The Sleepover, Lucas Jaye
910,The Sleepover, Karla Souza
911,The Sleepover, Enuka Okuma
912,The Sleepover, Erik Griffin
913,The Sleepover, Joe Manganiello
914,The Social Dilemma,Skyler Gisondo
915,The Social Dilemma, Kara Hayward
916,The Social Dilemma, Vincent Kartheiser
918,The Stand at Paxton County,Jacqueline Toboni
919,The Stand at Paxton County, Michael O'Neill
920,The Stand at Paxton County, Tyler Jacob Moore
921,The Stand at Paxton County, Christopher McDonald
922,The Stand at Paxton County, Sean O'Bryan
923,The Stand at Paxton County, Blake Sheldon
924,The Stand at Paxton County, Zoe Kanters
925,The Stand at Paxton County, Greg Perrow
926,The Stand at Paxton County, Tanner Thomason
927,The Vanished,Thomas Jane
928,The Vanished, Anne Heche
929,The Vanished, Jason Patric
930,The Vanished, John D. Hickman
931,The Vanished, Peter Facinelli
932,The Vanished, Alex Haydon
933,The Vanished, Aleksei Archer
934,The Vanished, Kristopher Wente
935,The Wrong Missy,David Spade
936,The Wrong Missy, Lauren Lapkus
937,The Wrong Missy, Nick Swardson
938,The Wrong Missy, Geoff Pierson
939,The Wrong Missy, Jackie Sandler
940,The Wrong Missy, Sarah Chalke
941,The Wrong Missy, Rob Schneider
942,The Wrong Missy, Chris Witaske
943,The Wrong Missy, Joe Anoa'i
944,The Wrong Missy, Molly Sims
945,Tigertail,Tzi Ma
946,Tigertail, Christine Ko
947,Tigertail, Hong-Chi Lee
948,Tigertail, Hayden Szeto
949,Tigertail, Kunjue Li
950,Tigertail, Fiona Fu
951,Tigertail, James Saito
952,Tigertail, Joan Chen
953,To All the Boys: P.S. I Still Love You,Lana Condor
954,To All the Boys: P.S. I Still Love You, Noah Centineo
955,To All the Boys: P.S. I Still Love You, Jordan Fisher
956,To All the Boys: P.S. I Still Love You, Anna Cathcart
957,To All the Boys: P.S. I Still Love You, Janel Parrish
958,To All the Boys: P.S. I Still Love You, Ross Butler
959,To All the Boys: P.S. I Still Love You, Madaleine Arthur
960,To All the Boys: P.S. I Still Love You, Emilija Baranac
961,To All the Boys: P.S. I Still Love You, Trezzo Mahoro
962,To All the Boys: P.S. I Still Love You, Holland Taylor
963,To All the Boys: P.S. I Still Love You, Sarayu Blue
964,To All the Boys: P.S. I Still Love You, John Corbett
965,Tom Papa: You're Doing Great!,Tom Papa
966,Tom Segura: Ball Hog,Tom Segura
967,Tremors: Shrieker Island,Michael Gross
968,Tremors: Shrieker Island, Jon Heder
969,Tremors: Shrieker Island, Caroline Langrishe
970,Tremors: Shrieker Island, Cassie Clare
971,Tremors: Shrieker Island, Matthew Douglas
972,Tremors: Shrieker Island, Sahajak Boonthanakit
973,Tremors: Shrieker Island, David Asavanond
974,Tremors: Shrieker Island, Jackie Cruz
975,Tremors: Shrieker Island, Richard Brake
976,Unbreakable Kimmy Schmidt: Kimmy vs. the Reverend,Ellie Kemper
977,Unbreakable Kimmy Schmidt: Kimmy vs. the Reverend, Jane Krakowski
978,Unbreakable Kimmy Schmidt: Kimmy vs. the Reverend, Tituss Burgess
979,Unbreakable Kimmy Schmidt: Kimmy vs. the Reverend, Carol Kane
980,Unbreakable Kimmy Schmidt: Kimmy vs. the Reverend, Jon Hamm
981,Unbreakable Kimmy Schmidt: Kimmy vs. the Reverend, Daniel Radcliffe
982,Unbreakable Kimmy Schmidt: Kimmy vs. the Reverend, Lauren Adams
983,Unbreakable Kimmy Schmidt: Kimmy vs. the Reverend, Sara Chase
984,Unbreakable Kimmy Schmidt: Kimmy vs. the Reverend, Sol Miranda
985,Unbreakable Kimmy Schmidt: Kimmy vs. the Reverend, Amy Sedaris
986,Unbreakable Kimmy Schmidt: Kimmy vs. the Reverend, Mike Carlsen
987,Unbreakable Kimmy Schmidt: Kimmy vs. the Reverend, Dylan Gelula
988,Unbreakable Kimmy Schmidt: Kimmy vs. the Reverend, Chris Parnell
989,Unbreakable Kimmy Schmidt: Kimmy vs. the Reverend, Heidi Gardner
990,Unbreakable Kimmy Schmidt: Kimmy vs. the Reverend, Jack McBrayer
991,Unbreakable Kimmy Schmidt: Kimmy vs. the Reverend, Zak Orth
992,Unbreakable Kimmy Schmidt: Kimmy vs. the Reverend, Fred Armisen
993,Unbreakable Kimmy Schmidt: Kimmy vs. the Reverend, Johnny Knoxville
994,Uncorked,Mamoudou Athie
995,Uncorked, Courtney B. Vance
996,Uncorked, Niecy Nash
997,Uncorked, Sasha Compère
998,Uncorked, Bernard D. Jones
999,Uncorked, Gil Ozeri
1000,Uncorked, Matt McGorry
1001,Uncorked, Meera Rohit Kumbhani
1002,Uppity: The Willy T. Ribbs Story,Willy T. Ribbs
1003,Vampires vs. the Bronx,Jaden Michael
1004,Vampires vs. the Bronx, Gerald W. Jones III
1005,Vampires vs. the Bronx, Gregory Diaz IV
1006,Vampires vs. the Bronx, Sarah Gadon
1007,Vampires vs. the Bronx, Method Man
1008,Vampires vs. the Bronx, Shea Whigham
1009,Vampires vs. the Bronx, Coco Jones
1010,Vampires vs. the Bronx, The Kid Mero
1011,Vampires vs. the Bronx, Chris Redd
1012,Vampires vs. the Bronx, Vladimir Caamaño
1013,Vampires vs. the Bronx, Jeremie Harris
1014,Vampires vs. the Bronx, Adam David Thompson
1015,Vampires vs. the Bronx, Zoe Saldana
1016,We Can Be Heroes,YaYa Gosselin
1017,We Can Be Heroes, Pedro Pascal
1018,We Can Be Heroes, Priyanka Chopra
1019,We Can Be Heroes, Isaiah Russell-Bailey
1020,We Can Be Heroes, Akira Akbar
1021,We Can Be Heroes, Christian Slater
1022,We Can Be Heroes, Boyd Holbrook
1023,We Can Be Heroes, Adriana Barraza
1024,We Can Be Heroes, Taylor Dooley
1025,We Can Be Heroes, Vivien Lyra Blair
1026,We Can Be Heroes, Hala Finley
1027,We Can Be Heroes, Lyon Daniels
1028,We Can Be Heroes, Sung Kang
1029,We Can Be Heroes, Christopher McDonald
1030,We Can Be Heroes, Andy Walken
1031,We Can Be Heroes, Lotus Blossom
1032,We Can Be Heroes, Haley Reinhart
1033,We Can Be Heroes, Nathan Blair
1034,We Can Be Heroes, Dylan Henry Lau
1035,We Can Be Heroes, Andrew Diaz
1036,Welcome to Sudden Death,Michael Jai White
1037,Welcome to Sudden Death, Michael Eklund
1038,Welcome to Sudden Death, Sabryn Rock
1039,Welcome to Sudden Death, Nakai Takawira
1040,Welcome to Sudden Death, Lyric Justice
1041,Welcome to Sudden Death, Sagine Semajuste
1042,Welcome to Sudden Death, Gary Owen
1043,Welcome to Sudden Death, Anthony Grant
1044,Welcome to Sudden Death, Kristen Harris
1045,Welcome to Sudden Death, BJ Verot
1046,Welcome to Sudden Death, Sean Skene
1047,Welcome to Sudden Death, Marrese Crump
1048,Welcome to Sudden Death, Stephanie Sy
1049,Welcome to Sudden Death, Jeff Strome
1050,Welcome to Sudden Death, Adam Hurtig
1051,Welcome to Sudden Death, Gillian White
1052,Welcome to Sudden Death, Anthony J. Mifsud
1053,WHAT DID JACK DO?,David Lynch
1054,Wheels of Fortune,Matt Jones
1055,Wheels of Fortune, Noureen DeWulf
1056,Wheels of Fortune, John Ducey
1057,Wheels of Fortune, Matty Cardarople
1058,Wheels of Fortune, Jeff Fahey
1059,Wheels of Fortune, Christina Moore
1060,Wheels of Fortune, Gabriel Tigerman
1061,Wheels of Fortune, Ali Afshar
1062,Wheels of Fortune, Tyler Jacob Moore
1063,Wheels of Fortune, Jessica Serfaty
1064,Work It,Sabrina Carpenter
1065,Work It, Jordan Fisher
1066,Work It, Liza Koshy
1067,Work It, Keiynan Lonsdale
1068,Work It, Michelle Buteau
1069,Work It, Drew Ray Tanner
1070,"Yes, God, Yes",Natalia Dyer
1071,"Yes, God, Yes", Timothy Simons
1072,"Yes, God, Yes", Wolfgang Novogratz
1073,"Yes, God, Yes", Francesca Reale
1074,"Yes, God, Yes", Susan Blackwell
1075,"Yes, God, Yes", Alisha Boe
1076,"Yes, God, Yes", Donna Lynne Champlin
1077,"Yes, God, Yes", Parker Wierling
1078,You Are My Home,Alyssa Milano
1079,You Are My Home, Angel Parker
1080,You Are My Home, Cristián de la Fuente
1081,You Are My Home, Eva Ariel Binder
1082,You Are My Home, Joel Steingold
