{
  "nodes": [
    {
      "id": 1,
      "name": "Alan C. Lim"
    },
    {
      "id": 2,
      "name": "Ali Afshar"
    },
    {
      "id": 3,
      "name": "Ana de Armas"
    },
    {
      "id": 4,
      "name": "Andre Robinson"
    },
    {
      "id": 5,
      "name": "Andrene Ward-Hammond"
    },
    {
      "id": 6,
      "name": "Andrew Bachelor"
    },
    {
      "id": 7,
      "name": "Andrew Rannells"
    },
    {
      "id": 8,
      "name": "Anna Camp"
    },
    {
      "id": 9,
      "name": "Brad Hyland"
    },
    {
      "id": 10,
      "name": "Brennley Brown"
    },
    {
      "id": 11,
      "name": "Brian Hutchison"
    },
    {
      "id": 12,
      "name": "Camaron Engels"
    },
    {
      "id": 13,
      "name": "Carlos Alazraqui"
    },
    {
      "id": 14,
      "name": "Casper Van Dien"
    },
    {
      "id": 15,
      "name": "Cassie Clare"
    },
    {
      "id": 16,
      "name": "Chadwick Boseman"
    },
    {
      "id": 17,
      "name": "Charlie Carver"
    },
    {
      "id": 18,
      "name": "Christina Moore"
    },
    {
      "id": 19,
      "name": "Christopher McDonald"
    },
    {
      "id": 20,
      "name": "Courtney B. Vance"
    },
    {
      "id": 21,
      "name": "David Spade"
    },
    {
      "id": 22,
      "name": "Dayci Brookshire"
    },
    {
      "id": 23,
      "name": "Donna Lynne Champlin"
    },
    {
      "id": 24,
      "name": "Dylan Sprouse"
    },
    {
      "id": 25,
      "name": "Ella Joy Ballesteros"
    },
    {
      "id": 26,
      "name": "Erik Griffin"
    },
    {
      "id": 27,
      "name": "Fortune Feimster"
    },
    {
      "id": 28,
      "name": "Fred Armisen"
    },
    {
      "id": 29,
      "name": "Grey Griffin"
    },
    {
      "id": 30,
      "name": "Haley Bennett"
    },
    {
      "id": 31,
      "name": "Harry Melling"
    },
    {
      "id": 32,
      "name": "Heather Graham"
    },
    {
      "id": 33,
      "name": "Jackie Sandler"
    },
    {
      "id": 34,
      "name": "Jay Gragnani"
    },
    {
      "id": 35,
      "name": "Jim Parsons"
    },
    {
      "id": 36,
      "name": "Joan Chen"
    },
    {
      "id": 37,
      "name": "John Schneider"
    },
    {
      "id": 38,
      "name": "Jon Hamm"
    },
    {
      "id": 39,
      "name": "Jordan Fisher"
    },
    {
      "id": 40,
      "name": "Jorge Diaz"
    },
    {
      "id": 41,
      "name": "Josh Swickard"
    },
    {
      "id": 42,
      "name": "Keegan-Michael Key"
    },
    {
      "id": 43,
      "name": "Ken Marino"
    },
    {
      "id": 44,
      "name": "Kerry Gudjohnsen"
    },
    {
      "id": 45,
      "name": "Kumail Nanjiani"
    },
    {
      "id": 46,
      "name": "Leslie Bibb"
    },
    {
      "id": 47,
      "name": "Leslie Jones"
    },
    {
      "id": 48,
      "name": "Lisa Durupt"
    },
    {
      "id": 49,
      "name": "London Hughes"
    },
    {
      "id": 50,
      "name": "Luke Wilson"
    },
    {
      "id": 51,
      "name": "Maisie Benson"
    },
    {
      "id": 52,
      "name": "Marc Maron"
    },
    {
      "id": 53,
      "name": "Marsai Martin"
    },
    {
      "id": 54,
      "name": "Matt Bomer"
    },
    {
      "id": 55,
      "name": "Maya Rudolph"
    },
    {
      "id": 56,
      "name": "Michael Benjamin Washington"
    },
    {
      "id": 57,
      "name": "Michelle Buteau"
    },
    {
      "id": 58,
      "name": "Nat Faxon"
    },
    {
      "id": 59,
      "name": "Nicolas Cantu"
    },
    {
      "id": 60,
      "name": "Noah Kaye Bentley"
    },
    {
      "id": 61,
      "name": "Oona Laurence"
    },
    {
      "id": 62,
      "name": "Paul Killam"
    },
    {
      "id": 63,
      "name": "Phylicia Rashad"
    },
    {
      "id": 64,
      "name": "Ramone Hamilton"
    },
    {
      "id": 65,
      "name": "Reed Birney"
    },
    {
      "id": 66,
      "name": "Rob Schneider"
    },
    {
      "id": 67,
      "name": "Robbie Amell"
    },
    {
      "id": 68,
      "name": "Robin de Jes\u00fas"
    },
    {
      "id": 69,
      "name": "Sean Astin"
    },
    {
      "id": 70,
      "name": "Skai Jackson"
    },
    {
      "id": 71,
      "name": "Smith Foreman"
    },
    {
      "id": 72,
      "name": "Tracey Ullman"
    },
    {
      "id": 73,
      "name": "Trezzo Mahoro"
    },
    {
      "id": 74,
      "name": "Tuc Watkins"
    },
    {
      "id": 75,
      "name": "Tyler Jacob Moore"
    },
    {
      "id": 76,
      "name": "Viola Davis"
    },
    {
      "id": 77,
      "name": "Wolfgang Novogratz"
    },
    {
      "id": 78,
      "name": "Zach Callison"
    },
    {
      "id": 79,
      "name": "Zachary Quinto"
    }
  ],
  "links": [
    {
      "Source": 1,
      "Target": 25
    },
    {
      "Source": 1,
      "Target": 44
    },
    {
      "Source": 1,
      "Target": 51
    },
    {
      "Source": 1,
      "Target": 62
    },
    {
      "Source": 1,
      "Target": 71
    },
    {
      "Source": 1,
      "Target": 25
    },
    {
      "Source": 1,
      "Target": 44
    },
    {
      "Source": 1,
      "Target": 51
    },
    {
      "Source": 1,
      "Target": 62
    },
    {
      "Source": 1,
      "Target": 71
    },
    {
      "Source": 2,
      "Target": 41
    },
    {
      "Source": 2,
      "Target": 18
    },
    {
      "Source": 2,
      "Target": 75
    },
    {
      "Source": 4,
      "Target": 10
    },
    {
      "Source": 4,
      "Target": 13
    },
    {
      "Source": 4,
      "Target": 29
    },
    {
      "Source": 4,
      "Target": 53
    },
    {
      "Source": 4,
      "Target": 59
    },
    {
      "Source": 4,
      "Target": 60
    },
    {
      "Source": 4,
      "Target": 70
    },
    {
      "Source": 4,
      "Target": 78
    },
    {
      "Source": 4,
      "Target": 10
    },
    {
      "Source": 4,
      "Target": 13
    },
    {
      "Source": 4,
      "Target": 29
    },
    {
      "Source": 4,
      "Target": 53
    },
    {
      "Source": 4,
      "Target": 59
    },
    {
      "Source": 4,
      "Target": 60
    },
    {
      "Source": 4,
      "Target": 70
    },
    {
      "Source": 4,
      "Target": 78
    },
    {
      "Source": 4,
      "Target": 10
    },
    {
      "Source": 4,
      "Target": 13
    },
    {
      "Source": 4,
      "Target": 53
    },
    {
      "Source": 4,
      "Target": 59
    },
    {
      "Source": 4,
      "Target": 60
    },
    {
      "Source": 4,
      "Target": 70
    },
    {
      "Source": 4,
      "Target": 78
    },
    {
      "Source": 5,
      "Target": 20
    },
    {
      "Source": 5,
      "Target": 8
    },
    {
      "Source": 5,
      "Target": 45
    },
    {
      "Source": 6,
      "Target": 43
    },
    {
      "Source": 6,
      "Target": 46
    },
    {
      "Source": 6,
      "Target": 67
    },
    {
      "Source": 7,
      "Target": 11
    },
    {
      "Source": 7,
      "Target": 17
    },
    {
      "Source": 7,
      "Target": 35
    },
    {
      "Source": 7,
      "Target": 54
    },
    {
      "Source": 7,
      "Target": 56
    },
    {
      "Source": 7,
      "Target": 68
    },
    {
      "Source": 7,
      "Target": 74
    },
    {
      "Source": 7,
      "Target": 79
    },
    {
      "Source": 7,
      "Target": 11
    },
    {
      "Source": 7,
      "Target": 17
    },
    {
      "Source": 7,
      "Target": 35
    },
    {
      "Source": 7,
      "Target": 54
    },
    {
      "Source": 7,
      "Target": 56
    },
    {
      "Source": 7,
      "Target": 68
    },
    {
      "Source": 7,
      "Target": 74
    },
    {
      "Source": 7,
      "Target": 79
    },
    {
      "Source": 7,
      "Target": 42
    },
    {
      "Source": 7,
      "Target": 72
    },
    {
      "Source": 8,
      "Target": 32
    },
    {
      "Source": 8,
      "Target": 67
    },
    {
      "Source": 8,
      "Target": 45
    },
    {
      "Source": 10,
      "Target": 13
    },
    {
      "Source": 10,
      "Target": 29
    },
    {
      "Source": 10,
      "Target": 53
    },
    {
      "Source": 10,
      "Target": 59
    },
    {
      "Source": 10,
      "Target": 60
    },
    {
      "Source": 10,
      "Target": 70
    },
    {
      "Source": 10,
      "Target": 78
    },
    {
      "Source": 10,
      "Target": 13
    },
    {
      "Source": 10,
      "Target": 29
    },
    {
      "Source": 10,
      "Target": 53
    },
    {
      "Source": 10,
      "Target": 59
    },
    {
      "Source": 10,
      "Target": 60
    },
    {
      "Source": 10,
      "Target": 70
    },
    {
      "Source": 10,
      "Target": 78
    },
    {
      "Source": 10,
      "Target": 13
    },
    {
      "Source": 10,
      "Target": 53
    },
    {
      "Source": 10,
      "Target": 59
    },
    {
      "Source": 10,
      "Target": 60
    },
    {
      "Source": 10,
      "Target": 70
    },
    {
      "Source": 10,
      "Target": 78
    },
    {
      "Source": 11,
      "Target": 17
    },
    {
      "Source": 11,
      "Target": 35
    },
    {
      "Source": 11,
      "Target": 54
    },
    {
      "Source": 11,
      "Target": 56
    },
    {
      "Source": 11,
      "Target": 68
    },
    {
      "Source": 11,
      "Target": 74
    },
    {
      "Source": 11,
      "Target": 79
    },
    {
      "Source": 11,
      "Target": 17
    },
    {
      "Source": 11,
      "Target": 35
    },
    {
      "Source": 11,
      "Target": 54
    },
    {
      "Source": 11,
      "Target": 56
    },
    {
      "Source": 11,
      "Target": 68
    },
    {
      "Source": 11,
      "Target": 74
    },
    {
      "Source": 11,
      "Target": 79
    },
    {
      "Source": 13,
      "Target": 29
    },
    {
      "Source": 13,
      "Target": 53
    },
    {
      "Source": 13,
      "Target": 59
    },
    {
      "Source": 13,
      "Target": 60
    },
    {
      "Source": 13,
      "Target": 70
    },
    {
      "Source": 13,
      "Target": 78
    },
    {
      "Source": 13,
      "Target": 29
    },
    {
      "Source": 13,
      "Target": 53
    },
    {
      "Source": 13,
      "Target": 59
    },
    {
      "Source": 13,
      "Target": 60
    },
    {
      "Source": 13,
      "Target": 70
    },
    {
      "Source": 13,
      "Target": 78
    },
    {
      "Source": 13,
      "Target": 53
    },
    {
      "Source": 13,
      "Target": 59
    },
    {
      "Source": 13,
      "Target": 60
    },
    {
      "Source": 13,
      "Target": 70
    },
    {
      "Source": 13,
      "Target": 78
    },
    {
      "Source": 14,
      "Target": 18
    },
    {
      "Source": 14,
      "Target": 37
    },
    {
      "Source": 14,
      "Target": 41
    },
    {
      "Source": 16,
      "Target": 76
    },
    {
      "Source": 17,
      "Target": 35
    },
    {
      "Source": 17,
      "Target": 54
    },
    {
      "Source": 17,
      "Target": 56
    },
    {
      "Source": 17,
      "Target": 68
    },
    {
      "Source": 17,
      "Target": 74
    },
    {
      "Source": 17,
      "Target": 79
    },
    {
      "Source": 17,
      "Target": 35
    },
    {
      "Source": 17,
      "Target": 54
    },
    {
      "Source": 17,
      "Target": 56
    },
    {
      "Source": 17,
      "Target": 68
    },
    {
      "Source": 17,
      "Target": 74
    },
    {
      "Source": 17,
      "Target": 79
    },
    {
      "Source": 18,
      "Target": 37
    },
    {
      "Source": 18,
      "Target": 41
    },
    {
      "Source": 18,
      "Target": 75
    },
    {
      "Source": 19,
      "Target": 75
    },
    {
      "Source": 21,
      "Target": 27
    },
    {
      "Source": 21,
      "Target": 49
    },
    {
      "Source": 21,
      "Target": 33
    },
    {
      "Source": 21,
      "Target": 66
    },
    {
      "Source": 22,
      "Target": 34
    },
    {
      "Source": 22,
      "Target": 40
    },
    {
      "Source": 22,
      "Target": 58
    },
    {
      "Source": 22,
      "Target": 64
    },
    {
      "Source": 22,
      "Target": 69
    },
    {
      "Source": 22,
      "Target": 34
    },
    {
      "Source": 22,
      "Target": 40
    },
    {
      "Source": 22,
      "Target": 58
    },
    {
      "Source": 22,
      "Target": 64
    },
    {
      "Source": 22,
      "Target": 69
    },
    {
      "Source": 23,
      "Target": 77
    },
    {
      "Source": 23,
      "Target": 77
    },
    {
      "Source": 25,
      "Target": 44
    },
    {
      "Source": 25,
      "Target": 51
    },
    {
      "Source": 25,
      "Target": 62
    },
    {
      "Source": 25,
      "Target": 71
    },
    {
      "Source": 25,
      "Target": 44
    },
    {
      "Source": 25,
      "Target": 51
    },
    {
      "Source": 25,
      "Target": 62
    },
    {
      "Source": 25,
      "Target": 71
    },
    {
      "Source": 26,
      "Target": 43
    },
    {
      "Source": 27,
      "Target": 49
    },
    {
      "Source": 28,
      "Target": 38
    },
    {
      "Source": 28,
      "Target": 55
    },
    {
      "Source": 28,
      "Target": 38
    },
    {
      "Source": 29,
      "Target": 53
    },
    {
      "Source": 29,
      "Target": 59
    },
    {
      "Source": 29,
      "Target": 60
    },
    {
      "Source": 29,
      "Target": 70
    },
    {
      "Source": 29,
      "Target": 78
    },
    {
      "Source": 29,
      "Target": 53
    },
    {
      "Source": 29,
      "Target": 59
    },
    {
      "Source": 29,
      "Target": 60
    },
    {
      "Source": 29,
      "Target": 70
    },
    {
      "Source": 29,
      "Target": 78
    },
    {
      "Source": 30,
      "Target": 31
    },
    {
      "Source": 32,
      "Target": 67
    },
    {
      "Source": 32,
      "Target": 48
    },
    {
      "Source": 33,
      "Target": 55
    },
    {
      "Source": 33,
      "Target": 66
    },
    {
      "Source": 33,
      "Target": 66
    },
    {
      "Source": 34,
      "Target": 40
    },
    {
      "Source": 34,
      "Target": 58
    },
    {
      "Source": 34,
      "Target": 64
    },
    {
      "Source": 34,
      "Target": 69
    },
    {
      "Source": 34,
      "Target": 40
    },
    {
      "Source": 34,
      "Target": 58
    },
    {
      "Source": 34,
      "Target": 64
    },
    {
      "Source": 34,
      "Target": 69
    },
    {
      "Source": 35,
      "Target": 54
    },
    {
      "Source": 35,
      "Target": 56
    },
    {
      "Source": 35,
      "Target": 68
    },
    {
      "Source": 35,
      "Target": 74
    },
    {
      "Source": 35,
      "Target": 79
    },
    {
      "Source": 35,
      "Target": 54
    },
    {
      "Source": 35,
      "Target": 56
    },
    {
      "Source": 35,
      "Target": 68
    },
    {
      "Source": 35,
      "Target": 74
    },
    {
      "Source": 35,
      "Target": 79
    },
    {
      "Source": 37,
      "Target": 41
    },
    {
      "Source": 38,
      "Target": 55
    },
    {
      "Source": 39,
      "Target": 73
    },
    {
      "Source": 39,
      "Target": 57
    },
    {
      "Source": 40,
      "Target": 58
    },
    {
      "Source": 40,
      "Target": 64
    },
    {
      "Source": 40,
      "Target": 69
    },
    {
      "Source": 40,
      "Target": 58
    },
    {
      "Source": 40,
      "Target": 64
    },
    {
      "Source": 40,
      "Target": 69
    },
    {
      "Source": 42,
      "Target": 50
    },
    {
      "Source": 42,
      "Target": 63
    },
    {
      "Source": 42,
      "Target": 72
    },
    {
      "Source": 43,
      "Target": 46
    },
    {
      "Source": 43,
      "Target": 67
    },
    {
      "Source": 44,
      "Target": 51
    },
    {
      "Source": 44,
      "Target": 62
    },
    {
      "Source": 44,
      "Target": 71
    },
    {
      "Source": 44,
      "Target": 51
    },
    {
      "Source": 44,
      "Target": 62
    },
    {
      "Source": 44,
      "Target": 71
    },
    {
      "Source": 45,
      "Target": 47
    },
    {
      "Source": 45,
      "Target": 72
    },
    {
      "Source": 46,
      "Target": 67
    },
    {
      "Source": 47,
      "Target": 72
    },
    {
      "Source": 51,
      "Target": 62
    },
    {
      "Source": 51,
      "Target": 71
    },
    {
      "Source": 51,
      "Target": 62
    },
    {
      "Source": 51,
      "Target": 71
    },
    {
      "Source": 53,
      "Target": 59
    },
    {
      "Source": 53,
      "Target": 60
    },
    {
      "Source": 53,
      "Target": 70
    },
    {
      "Source": 53,
      "Target": 78
    },
    {
      "Source": 53,
      "Target": 59
    },
    {
      "Source": 53,
      "Target": 60
    },
    {
      "Source": 53,
      "Target": 70
    },
    {
      "Source": 53,
      "Target": 78
    },
    {
      "Source": 53,
      "Target": 59
    },
    {
      "Source": 53,
      "Target": 60
    },
    {
      "Source": 53,
      "Target": 70
    },
    {
      "Source": 53,
      "Target": 78
    },
    {
      "Source": 54,
      "Target": 56
    },
    {
      "Source": 54,
      "Target": 68
    },
    {
      "Source": 54,
      "Target": 74
    },
    {
      "Source": 54,
      "Target": 79
    },
    {
      "Source": 54,
      "Target": 56
    },
    {
      "Source": 54,
      "Target": 68
    },
    {
      "Source": 54,
      "Target": 74
    },
    {
      "Source": 54,
      "Target": 79
    },
    {
      "Source": 55,
      "Target": 66
    },
    {
      "Source": 56,
      "Target": 68
    },
    {
      "Source": 56,
      "Target": 74
    },
    {
      "Source": 56,
      "Target": 79
    },
    {
      "Source": 56,
      "Target": 68
    },
    {
      "Source": 56,
      "Target": 74
    },
    {
      "Source": 56,
      "Target": 79
    },
    {
      "Source": 58,
      "Target": 64
    },
    {
      "Source": 58,
      "Target": 69
    },
    {
      "Source": 58,
      "Target": 64
    },
    {
      "Source": 58,
      "Target": 69
    },
    {
      "Source": 59,
      "Target": 60
    },
    {
      "Source": 59,
      "Target": 70
    },
    {
      "Source": 59,
      "Target": 78
    },
    {
      "Source": 59,
      "Target": 60
    },
    {
      "Source": 59,
      "Target": 70
    },
    {
      "Source": 59,
      "Target": 78
    },
    {
      "Source": 59,
      "Target": 60
    },
    {
      "Source": 59,
      "Target": 70
    },
    {
      "Source": 59,
      "Target": 78
    },
    {
      "Source": 60,
      "Target": 70
    },
    {
      "Source": 60,
      "Target": 78
    },
    {
      "Source": 60,
      "Target": 70
    },
    {
      "Source": 60,
      "Target": 78
    },
    {
      "Source": 60,
      "Target": 70
    },
    {
      "Source": 60,
      "Target": 78
    },
    {
      "Source": 61,
      "Target": 65
    },
    {
      "Source": 62,
      "Target": 71
    },
    {
      "Source": 62,
      "Target": 71
    },
    {
      "Source": 64,
      "Target": 69
    },
    {
      "Source": 64,
      "Target": 69
    },
    {
      "Source": 68,
      "Target": 74
    },
    {
      "Source": 68,
      "Target": 79
    },
    {
      "Source": 68,
      "Target": 74
    },
    {
      "Source": 68,
      "Target": 79
    },
    {
      "Source": 70,
      "Target": 78
    },
    {
      "Source": 70,
      "Target": 78
    },
    {
      "Source": 70,
      "Target": 78
    },
    {
      "Source": 74,
      "Target": 79
    },
    {
      "Source": 74,
      "Target": 79
    }
  ]
}