{
  "nodes": [
    {
      "id": 1,
      "name": "Alan C. Lim"
    },
    {
      "id": 2,
      "name": "Ali Afshar"
    },
    {
      "id": 3,
      "name": "Ana de Armas"
    },
    {
      "id": 4,
      "name": "Andre Robinson"
    },
    {
      "id": 5,
      "name": "Andrene Ward-Hammond"
    },
    {
      "id": 6,
      "name": "Andrew Bachelor"
    },
    {
      "id": 7,
      "name": "Andrew Rannells"
    },
    {
      "id": 8,
      "name": "Anna Camp"
    },
    {
      "id": 9,
      "name": "Brad Hyland"
    },
    {
      "id": 10,
      "name": "Brennley Brown"
    },
    {
      "id": 11,
      "name": "Brian Hutchison"
    },
    {
      "id": 12,
      "name": "Camaron Engels"
    },
    {
      "id": 13,
      "name": "Carlos Alazraqui"
    },
    {
      "id": 14,
      "name": "Casper Van Dien"
    },
    {
      "id": 15,
      "name": "Cassie Clare"
    },
    {
      "id": 16,
      "name": "Chadwick Boseman"
    },
    {
      "id": 17,
      "name": "Charlie Carver"
    },
    {
      "id": 18,
      "name": "Christina Moore"
    },
    {
      "id": 19,
      "name": "Christopher McDonald"
    },
    {
      "id": 20,
      "name": "Courtney B. Vance"
    },
    {
      "id": 21,
      "name": "David Spade"
    },
    {
      "id": 22,
      "name": "Dayci Brookshire"
    },
    {
      "id": 23,
      "name": "Donna Lynne Champlin"
    },
    {
      "id": 24,
      "name": "Dylan Sprouse"
    },
    {
      "id": 25,
      "name": "Ella Joy Ballesteros"
    },
    {
      "id": 26,
      "name": "Erik Griffin"
    },
    {
      "id": 27,
      "name": "Fortune Feimster"
    },
    {
      "id": 28,
      "name": "Fred Armisen"
    },
    {
      "id": 29,
      "name": "Grey Griffin"
    },
    {
      "id": 30,
      "name": "Haley Bennett"
    },
    {
      "id": 31,
      "name": "Harry Melling"
    },
    {
      "id": 32,
      "name": "Heather Graham"
    },
    {
      "id": 33,
      "name": "Jackie Sandler"
    },
    {
      "id": 34,
      "name": "Jay Gragnani"
    },
    {
      "id": 35,
      "name": "Jim Parsons"
    },
    {
      "id": 36,
      "name": "Joan Chen"
    },
    {
      "id": 37,
      "name": "John Schneider"
    },
    {
      "id": 38,
      "name": "Jon Hamm"
    },
    {
      "id": 39,
      "name": "Jordan Fisher"
    },
    {
      "id": 40,
      "name": "Jorge Diaz"
    },
    {
      "id": 41,
      "name": "Josh Swickard"
    },
    {
      "id": 42,
      "name": "Keegan-Michael Key"
    },
    {
      "id": 43,
      "name": "Ken Marino"
    },
    {
      "id": 44,
      "name": "Kerry Gudjohnsen"
    },
    {
      "id": 45,
      "name": "Kumail Nanjiani"
    },
    {
      "id": 46,
      "name": "Leslie Bibb"
    },
    {
      "id": 47,
      "name": "Leslie Jones"
    },
    {
      "id": 48,
      "name": "Lisa Durupt"
    },
    {
      "id": 49,
      "name": "London Hughes"
    },
    {
      "id": 50,
      "name": "Luke Wilson"
    },
    {
      "id": 51,
      "name": "Maisie Benson"
    },
    {
      "id": 52,
      "name": "Marc Maron"
    },
    {
      "id": 53,
      "name": "Marsai Martin"
    },
    {
      "id": 54,
      "name": "Matt Bomer"
    },
    {
      "id": 55,
      "name": "Maya Rudolph"
    },
    {
      "id": 56,
      "name": "Michael Benjamin Washington"
    },
    {
      "id": 57,
      "name": "Michelle Buteau"
    },
    {
      "id": 58,
      "name": "Nat Faxon"
    },
    {
      "id": 59,
      "name": "Nicolas Cantu"
    },
    {
      "id": 60,
      "name": "Noah Kaye Bentley"
    },
    {
      "id": 61,
      "name": "Oona Laurence"
    },
    {
      "id": 62,
      "name": "Paul Killam"
    },
    {
      "id": 63,
      "name": "Phylicia Rashad"
    },
    {
      "id": 64,
      "name": "Ramone Hamilton"
    },
    {
      "id": 65,
      "name": "Reed Birney"
    },
    {
      "id": 66,
      "name": "Rob Schneider"
    },
    {
      "id": 67,
      "name": "Robbie Amell"
    },
    {
      "id": 68,
      "name": "Robin de Jes\u00fas"
    },
    {
      "id": 69,
      "name": "Sean Astin"
    },
    {
      "id": 70,
      "name": "Skai Jackson"
    },
    {
      "id": 71,
      "name": "Smith Foreman"
    },
    {
      "id": 72,
      "name": "Tracey Ullman"
    },
    {
      "id": 73,
      "name": "Trezzo Mahoro"
    },
    {
      "id": 74,
      "name": "Tuc Watkins"
    },
    {
      "id": 75,
      "name": "Tyler Jacob Moore"
    },
    {
      "id": 76,
      "name": "Viola Davis"
    },
    {
      "id": 77,
      "name": "Wolfgang Novogratz"
    },
    {
      "id": 78,
      "name": "Zach Callison"
    },
    {
      "id": 79,
      "name": "Zachary Quinto"
    }
  ],
  "links": [
    {
      "Source": "Alan C. Lim",
      "Target": "Ella Joy Ballesteros"
    },
    {
      "Source": "Alan C. Lim",
      "Target": "Kerry Gudjohnsen"
    },
    {
      "Source": "Alan C. Lim",
      "Target": "Maisie Benson"
    },
    {
      "Source": "Alan C. Lim",
      "Target": "Paul Killam"
    },
    {
      "Source": "Alan C. Lim",
      "Target": "Smith Foreman"
    },
    {
      "Source": "Alan C. Lim",
      "Target": "Ella Joy Ballesteros"
    },
    {
      "Source": "Alan C. Lim",
      "Target": "Kerry Gudjohnsen"
    },
    {
      "Source": "Alan C. Lim",
      "Target": "Maisie Benson"
    },
    {
      "Source": "Alan C. Lim",
      "Target": "Paul Killam"
    },
    {
      "Source": "Alan C. Lim",
      "Target": "Smith Foreman"
    },
    {
      "Source": "Ali Afshar",
      "Target": "Josh Swickard"
    },
    {
      "Source": "Ali Afshar",
      "Target": "Christina Moore"
    },
    {
      "Source": "Ali Afshar",
      "Target": "Tyler Jacob Moore"
    },
    {
      "Source": "Andre Robinson",
      "Target": "Brennley Brown"
    },
    {
      "Source": "Andre Robinson",
      "Target": "Carlos Alazraqui"
    },
    {
      "Source": "Andre Robinson",
      "Target": "Grey Griffin"
    },
    {
      "Source": "Andre Robinson",
      "Target": "Marsai Martin"
    },
    {
      "Source": "Andre Robinson",
      "Target": "Nicolas Cantu"
    },
    {
      "Source": "Andre Robinson",
      "Target": "Noah Kaye Bentley"
    },
    {
      "Source": "Andre Robinson",
      "Target": "Skai Jackson"
    },
    {
      "Source": "Andre Robinson",
      "Target": "Zach Callison"
    },
    {
      "Source": "Andre Robinson",
      "Target": "Brennley Brown"
    },
    {
      "Source": "Andre Robinson",
      "Target": "Carlos Alazraqui"
    },
    {
      "Source": "Andre Robinson",
      "Target": "Grey Griffin"
    },
    {
      "Source": "Andre Robinson",
      "Target": "Marsai Martin"
    },
    {
      "Source": "Andre Robinson",
      "Target": "Nicolas Cantu"
    },
    {
      "Source": "Andre Robinson",
      "Target": "Noah Kaye Bentley"
    },
    {
      "Source": "Andre Robinson",
      "Target": "Skai Jackson"
    },
    {
      "Source": "Andre Robinson",
      "Target": "Zach Callison"
    },
    {
      "Source": "Andre Robinson",
      "Target": "Brennley Brown"
    },
    {
      "Source": "Andre Robinson",
      "Target": "Carlos Alazraqui"
    },
    {
      "Source": "Andre Robinson",
      "Target": "Marsai Martin"
    },
    {
      "Source": "Andre Robinson",
      "Target": "Nicolas Cantu"
    },
    {
      "Source": "Andre Robinson",
      "Target": "Noah Kaye Bentley"
    },
    {
      "Source": "Andre Robinson",
      "Target": "Skai Jackson"
    },
    {
      "Source": "Andre Robinson",
      "Target": "Zach Callison"
    },
    {
      "Source": "Andrene Ward-Hammond",
      "Target": "Courtney B. Vance"
    },
    {
      "Source": "Andrene Ward-Hammond",
      "Target": "Anna Camp"
    },
    {
      "Source": "Andrene Ward-Hammond",
      "Target": "Kumail Nanjiani"
    },
    {
      "Source": "Andrew Bachelor",
      "Target": "Ken Marino"
    },
    {
      "Source": "Andrew Bachelor",
      "Target": "Leslie Bibb"
    },
    {
      "Source": "Andrew Bachelor",
      "Target": "Robbie Amell"
    },
    {
      "Source": "Andrew Rannells",
      "Target": "Brian Hutchison"
    },
    {
      "Source": "Andrew Rannells",
      "Target": "Charlie Carver"
    },
    {
      "Source": "Andrew Rannells",
      "Target": "Jim Parsons"
    },
    {
      "Source": "Andrew Rannells",
      "Target": "Matt Bomer"
    },
    {
      "Source": "Andrew Rannells",
      "Target": "Michael Benjamin Washington"
    },
    {
      "Source": "Andrew Rannells",
      "Target": "Robin de Jes\u00fas"
    },
    {
      "Source": "Andrew Rannells",
      "Target": "Tuc Watkins"
    },
    {
      "Source": "Andrew Rannells",
      "Target": "Zachary Quinto"
    },
    {
      "Source": "Andrew Rannells",
      "Target": "Brian Hutchison"
    },
    {
      "Source": "Andrew Rannells",
      "Target": "Charlie Carver"
    },
    {
      "Source": "Andrew Rannells",
      "Target": "Jim Parsons"
    },
    {
      "Source": "Andrew Rannells",
      "Target": "Matt Bomer"
    },
    {
      "Source": "Andrew Rannells",
      "Target": "Michael Benjamin Washington"
    },
    {
      "Source": "Andrew Rannells",
      "Target": "Robin de Jes\u00fas"
    },
    {
      "Source": "Andrew Rannells",
      "Target": "Tuc Watkins"
    },
    {
      "Source": "Andrew Rannells",
      "Target": "Zachary Quinto"
    },
    {
      "Source": "Andrew Rannells",
      "Target": "Keegan-Michael Key"
    },
    {
      "Source": "Andrew Rannells",
      "Target": "Tracey Ullman"
    },
    {
      "Source": "Anna Camp",
      "Target": "Heather Graham"
    },
    {
      "Source": "Anna Camp",
      "Target": "Robbie Amell"
    },
    {
      "Source": "Anna Camp",
      "Target": "Kumail Nanjiani"
    },
    {
      "Source": "Brennley Brown",
      "Target": "Carlos Alazraqui"
    },
    {
      "Source": "Brennley Brown",
      "Target": "Grey Griffin"
    },
    {
      "Source": "Brennley Brown",
      "Target": "Marsai Martin"
    },
    {
      "Source": "Brennley Brown",
      "Target": "Nicolas Cantu"
    },
    {
      "Source": "Brennley Brown",
      "Target": "Noah Kaye Bentley"
    },
    {
      "Source": "Brennley Brown",
      "Target": "Skai Jackson"
    },
    {
      "Source": "Brennley Brown",
      "Target": "Zach Callison"
    },
    {
      "Source": "Brennley Brown",
      "Target": "Carlos Alazraqui"
    },
    {
      "Source": "Brennley Brown",
      "Target": "Grey Griffin"
    },
    {
      "Source": "Brennley Brown",
      "Target": "Marsai Martin"
    },
    {
      "Source": "Brennley Brown",
      "Target": "Nicolas Cantu"
    },
    {
      "Source": "Brennley Brown",
      "Target": "Noah Kaye Bentley"
    },
    {
      "Source": "Brennley Brown",
      "Target": "Skai Jackson"
    },
    {
      "Source": "Brennley Brown",
      "Target": "Zach Callison"
    },
    {
      "Source": "Brennley Brown",
      "Target": "Carlos Alazraqui"
    },
    {
      "Source": "Brennley Brown",
      "Target": "Marsai Martin"
    },
    {
      "Source": "Brennley Brown",
      "Target": "Nicolas Cantu"
    },
    {
      "Source": "Brennley Brown",
      "Target": "Noah Kaye Bentley"
    },
    {
      "Source": "Brennley Brown",
      "Target": "Skai Jackson"
    },
    {
      "Source": "Brennley Brown",
      "Target": "Zach Callison"
    },
    {
      "Source": "Brian Hutchison",
      "Target": "Charlie Carver"
    },
    {
      "Source": "Brian Hutchison",
      "Target": "Jim Parsons"
    },
    {
      "Source": "Brian Hutchison",
      "Target": "Matt Bomer"
    },
    {
      "Source": "Brian Hutchison",
      "Target": "Michael Benjamin Washington"
    },
    {
      "Source": "Brian Hutchison",
      "Target": "Robin de Jes\u00fas"
    },
    {
      "Source": "Brian Hutchison",
      "Target": "Tuc Watkins"
    },
    {
      "Source": "Brian Hutchison",
      "Target": "Zachary Quinto"
    },
    {
      "Source": "Brian Hutchison",
      "Target": "Charlie Carver"
    },
    {
      "Source": "Brian Hutchison",
      "Target": "Jim Parsons"
    },
    {
      "Source": "Brian Hutchison",
      "Target": "Matt Bomer"
    },
    {
      "Source": "Brian Hutchison",
      "Target": "Michael Benjamin Washington"
    },
    {
      "Source": "Brian Hutchison",
      "Target": "Robin de Jes\u00fas"
    },
    {
      "Source": "Brian Hutchison",
      "Target": "Tuc Watkins"
    },
    {
      "Source": "Brian Hutchison",
      "Target": "Zachary Quinto"
    },
    {
      "Source": "Carlos Alazraqui",
      "Target": "Grey Griffin"
    },
    {
      "Source": "Carlos Alazraqui",
      "Target": "Marsai Martin"
    },
    {
      "Source": "Carlos Alazraqui",
      "Target": "Nicolas Cantu"
    },
    {
      "Source": "Carlos Alazraqui",
      "Target": "Noah Kaye Bentley"
    },
    {
      "Source": "Carlos Alazraqui",
      "Target": "Skai Jackson"
    },
    {
      "Source": "Carlos Alazraqui",
      "Target": "Zach Callison"
    },
    {
      "Source": "Carlos Alazraqui",
      "Target": "Grey Griffin"
    },
    {
      "Source": "Carlos Alazraqui",
      "Target": "Marsai Martin"
    },
    {
      "Source": "Carlos Alazraqui",
      "Target": "Nicolas Cantu"
    },
    {
      "Source": "Carlos Alazraqui",
      "Target": "Noah Kaye Bentley"
    },
    {
      "Source": "Carlos Alazraqui",
      "Target": "Skai Jackson"
    },
    {
      "Source": "Carlos Alazraqui",
      "Target": "Zach Callison"
    },
    {
      "Source": "Carlos Alazraqui",
      "Target": "Marsai Martin"
    },
    {
      "Source": "Carlos Alazraqui",
      "Target": "Nicolas Cantu"
    },
    {
      "Source": "Carlos Alazraqui",
      "Target": "Noah Kaye Bentley"
    },
    {
      "Source": "Carlos Alazraqui",
      "Target": "Skai Jackson"
    },
    {
      "Source": "Carlos Alazraqui",
      "Target": "Zach Callison"
    },
    {
      "Source": "Casper Van Dien",
      "Target": "Christina Moore"
    },
    {
      "Source": "Casper Van Dien",
      "Target": "John Schneider"
    },
    {
      "Source": "Casper Van Dien",
      "Target": "Josh Swickard"
    },
    {
      "Source": "Chadwick Boseman",
      "Target": "Viola Davis"
    },
    {
      "Source": "Charlie Carver",
      "Target": "Jim Parsons"
    },
    {
      "Source": "Charlie Carver",
      "Target": "Matt Bomer"
    },
    {
      "Source": "Charlie Carver",
      "Target": "Michael Benjamin Washington"
    },
    {
      "Source": "Charlie Carver",
      "Target": "Robin de Jes\u00fas"
    },
    {
      "Source": "Charlie Carver",
      "Target": "Tuc Watkins"
    },
    {
      "Source": "Charlie Carver",
      "Target": "Zachary Quinto"
    },
    {
      "Source": "Charlie Carver",
      "Target": "Jim Parsons"
    },
    {
      "Source": "Charlie Carver",
      "Target": "Matt Bomer"
    },
    {
      "Source": "Charlie Carver",
      "Target": "Michael Benjamin Washington"
    },
    {
      "Source": "Charlie Carver",
      "Target": "Robin de Jes\u00fas"
    },
    {
      "Source": "Charlie Carver",
      "Target": "Tuc Watkins"
    },
    {
      "Source": "Charlie Carver",
      "Target": "Zachary Quinto"
    },
    {
      "Source": "Christina Moore",
      "Target": "John Schneider"
    },
    {
      "Source": "Christina Moore",
      "Target": "Josh Swickard"
    },
    {
      "Source": "Christina Moore",
      "Target": "Tyler Jacob Moore"
    },
    {
      "Source": "Christopher McDonald",
      "Target": "Tyler Jacob Moore"
    },
    {
      "Source": "David Spade",
      "Target": "Fortune Feimster"
    },
    {
      "Source": "David Spade",
      "Target": "London Hughes"
    },
    {
      "Source": "David Spade",
      "Target": "Jackie Sandler"
    },
    {
      "Source": "David Spade",
      "Target": "Rob Schneider"
    },
    {
      "Source": "Dayci Brookshire",
      "Target": "Jay Gragnani"
    },
    {
      "Source": "Dayci Brookshire",
      "Target": "Jorge Diaz"
    },
    {
      "Source": "Dayci Brookshire",
      "Target": "Nat Faxon"
    },
    {
      "Source": "Dayci Brookshire",
      "Target": "Ramone Hamilton"
    },
    {
      "Source": "Dayci Brookshire",
      "Target": "Sean Astin"
    },
    {
      "Source": "Dayci Brookshire",
      "Target": "Jay Gragnani"
    },
    {
      "Source": "Dayci Brookshire",
      "Target": "Jorge Diaz"
    },
    {
      "Source": "Dayci Brookshire",
      "Target": "Nat Faxon"
    },
    {
      "Source": "Dayci Brookshire",
      "Target": "Ramone Hamilton"
    },
    {
      "Source": "Dayci Brookshire",
      "Target": "Sean Astin"
    },
    {
      "Source": "Donna Lynne Champlin",
      "Target": "Wolfgang Novogratz"
    },
    {
      "Source": "Donna Lynne Champlin",
      "Target": "Wolfgang Novogratz"
    },
    {
      "Source": "Ella Joy Ballesteros",
      "Target": "Kerry Gudjohnsen"
    },
    {
      "Source": "Ella Joy Ballesteros",
      "Target": "Maisie Benson"
    },
    {
      "Source": "Ella Joy Ballesteros",
      "Target": "Paul Killam"
    },
    {
      "Source": "Ella Joy Ballesteros",
      "Target": "Smith Foreman"
    },
    {
      "Source": "Ella Joy Ballesteros",
      "Target": "Kerry Gudjohnsen"
    },
    {
      "Source": "Ella Joy Ballesteros",
      "Target": "Maisie Benson"
    },
    {
      "Source": "Ella Joy Ballesteros",
      "Target": "Paul Killam"
    },
    {
      "Source": "Ella Joy Ballesteros",
      "Target": "Smith Foreman"
    },
    {
      "Source": "Erik Griffin",
      "Target": "Ken Marino"
    },
    {
      "Source": "Fortune Feimster",
      "Target": "London Hughes"
    },
    {
      "Source": "Fred Armisen",
      "Target": "Jon Hamm"
    },
    {
      "Source": "Fred Armisen",
      "Target": "Maya Rudolph"
    },
    {
      "Source": "Fred Armisen",
      "Target": "Jon Hamm"
    },
    {
      "Source": "Grey Griffin",
      "Target": "Marsai Martin"
    },
    {
      "Source": "Grey Griffin",
      "Target": "Nicolas Cantu"
    },
    {
      "Source": "Grey Griffin",
      "Target": "Noah Kaye Bentley"
    },
    {
      "Source": "Grey Griffin",
      "Target": "Skai Jackson"
    },
    {
      "Source": "Grey Griffin",
      "Target": "Zach Callison"
    },
    {
      "Source": "Grey Griffin",
      "Target": "Marsai Martin"
    },
    {
      "Source": "Grey Griffin",
      "Target": "Nicolas Cantu"
    },
    {
      "Source": "Grey Griffin",
      "Target": "Noah Kaye Bentley"
    },
    {
      "Source": "Grey Griffin",
      "Target": "Skai Jackson"
    },
    {
      "Source": "Grey Griffin",
      "Target": "Zach Callison"
    },
    {
      "Source": "Haley Bennett",
      "Target": "Harry Melling"
    },
    {
      "Source": "Heather Graham",
      "Target": "Robbie Amell"
    },
    {
      "Source": "Heather Graham",
      "Target": "Lisa Durupt"
    },
    {
      "Source": "Jackie Sandler",
      "Target": "Maya Rudolph"
    },
    {
      "Source": "Jackie Sandler",
      "Target": "Rob Schneider"
    },
    {
      "Source": "Jackie Sandler",
      "Target": "Rob Schneider"
    },
    {
      "Source": "Jay Gragnani",
      "Target": "Jorge Diaz"
    },
    {
      "Source": "Jay Gragnani",
      "Target": "Nat Faxon"
    },
    {
      "Source": "Jay Gragnani",
      "Target": "Ramone Hamilton"
    },
    {
      "Source": "Jay Gragnani",
      "Target": "Sean Astin"
    },
    {
      "Source": "Jay Gragnani",
      "Target": "Jorge Diaz"
    },
    {
      "Source": "Jay Gragnani",
      "Target": "Nat Faxon"
    },
    {
      "Source": "Jay Gragnani",
      "Target": "Ramone Hamilton"
    },
    {
      "Source": "Jay Gragnani",
      "Target": "Sean Astin"
    },
    {
      "Source": "Jim Parsons",
      "Target": "Matt Bomer"
    },
    {
      "Source": "Jim Parsons",
      "Target": "Michael Benjamin Washington"
    },
    {
      "Source": "Jim Parsons",
      "Target": "Robin de Jes\u00fas"
    },
    {
      "Source": "Jim Parsons",
      "Target": "Tuc Watkins"
    },
    {
      "Source": "Jim Parsons",
      "Target": "Zachary Quinto"
    },
    {
      "Source": "Jim Parsons",
      "Target": "Matt Bomer"
    },
    {
      "Source": "Jim Parsons",
      "Target": "Michael Benjamin Washington"
    },
    {
      "Source": "Jim Parsons",
      "Target": "Robin de Jes\u00fas"
    },
    {
      "Source": "Jim Parsons",
      "Target": "Tuc Watkins"
    },
    {
      "Source": "Jim Parsons",
      "Target": "Zachary Quinto"
    },
    {
      "Source": "John Schneider",
      "Target": "Josh Swickard"
    },
    {
      "Source": "Jon Hamm",
      "Target": "Maya Rudolph"
    },
    {
      "Source": "Jordan Fisher",
      "Target": "Trezzo Mahoro"
    },
    {
      "Source": "Jordan Fisher",
      "Target": "Michelle Buteau"
    },
    {
      "Source": "Jorge Diaz",
      "Target": "Nat Faxon"
    },
    {
      "Source": "Jorge Diaz",
      "Target": "Ramone Hamilton"
    },
    {
      "Source": "Jorge Diaz",
      "Target": "Sean Astin"
    },
    {
      "Source": "Jorge Diaz",
      "Target": "Nat Faxon"
    },
    {
      "Source": "Jorge Diaz",
      "Target": "Ramone Hamilton"
    },
    {
      "Source": "Jorge Diaz",
      "Target": "Sean Astin"
    },
    {
      "Source": "Keegan-Michael Key",
      "Target": "Luke Wilson"
    },
    {
      "Source": "Keegan-Michael Key",
      "Target": "Phylicia Rashad"
    },
    {
      "Source": "Keegan-Michael Key",
      "Target": "Tracey Ullman"
    },
    {
      "Source": "Ken Marino",
      "Target": "Leslie Bibb"
    },
    {
      "Source": "Ken Marino",
      "Target": "Robbie Amell"
    },
    {
      "Source": "Kerry Gudjohnsen",
      "Target": "Maisie Benson"
    },
    {
      "Source": "Kerry Gudjohnsen",
      "Target": "Paul Killam"
    },
    {
      "Source": "Kerry Gudjohnsen",
      "Target": "Smith Foreman"
    },
    {
      "Source": "Kerry Gudjohnsen",
      "Target": "Maisie Benson"
    },
    {
      "Source": "Kerry Gudjohnsen",
      "Target": "Paul Killam"
    },
    {
      "Source": "Kerry Gudjohnsen",
      "Target": "Smith Foreman"
    },
    {
      "Source": "Kumail Nanjiani",
      "Target": "Leslie Jones"
    },
    {
      "Source": "Kumail Nanjiani",
      "Target": "Tracey Ullman"
    },
    {
      "Source": "Leslie Bibb",
      "Target": "Robbie Amell"
    },
    {
      "Source": "Leslie Jones",
      "Target": "Tracey Ullman"
    },
    {
      "Source": "Maisie Benson",
      "Target": "Paul Killam"
    },
    {
      "Source": "Maisie Benson",
      "Target": "Smith Foreman"
    },
    {
      "Source": "Maisie Benson",
      "Target": "Paul Killam"
    },
    {
      "Source": "Maisie Benson",
      "Target": "Smith Foreman"
    },
    {
      "Source": "Marsai Martin",
      "Target": "Nicolas Cantu"
    },
    {
      "Source": "Marsai Martin",
      "Target": "Noah Kaye Bentley"
    },
    {
      "Source": "Marsai Martin",
      "Target": "Skai Jackson"
    },
    {
      "Source": "Marsai Martin",
      "Target": "Zach Callison"
    },
    {
      "Source": "Marsai Martin",
      "Target": "Nicolas Cantu"
    },
    {
      "Source": "Marsai Martin",
      "Target": "Noah Kaye Bentley"
    },
    {
      "Source": "Marsai Martin",
      "Target": "Skai Jackson"
    },
    {
      "Source": "Marsai Martin",
      "Target": "Zach Callison"
    },
    {
      "Source": "Marsai Martin",
      "Target": "Nicolas Cantu"
    },
    {
      "Source": "Marsai Martin",
      "Target": "Noah Kaye Bentley"
    },
    {
      "Source": "Marsai Martin",
      "Target": "Skai Jackson"
    },
    {
      "Source": "Marsai Martin",
      "Target": "Zach Callison"
    },
    {
      "Source": "Matt Bomer",
      "Target": "Michael Benjamin Washington"
    },
    {
      "Source": "Matt Bomer",
      "Target": "Robin de Jes\u00fas"
    },
    {
      "Source": "Matt Bomer",
      "Target": "Tuc Watkins"
    },
    {
      "Source": "Matt Bomer",
      "Target": "Zachary Quinto"
    },
    {
      "Source": "Matt Bomer",
      "Target": "Michael Benjamin Washington"
    },
    {
      "Source": "Matt Bomer",
      "Target": "Robin de Jes\u00fas"
    },
    {
      "Source": "Matt Bomer",
      "Target": "Tuc Watkins"
    },
    {
      "Source": "Matt Bomer",
      "Target": "Zachary Quinto"
    },
    {
      "Source": "Maya Rudolph",
      "Target": "Rob Schneider"
    },
    {
      "Source": "Michael Benjamin Washington",
      "Target": "Robin de Jes\u00fas"
    },
    {
      "Source": "Michael Benjamin Washington",
      "Target": "Tuc Watkins"
    },
    {
      "Source": "Michael Benjamin Washington",
      "Target": "Zachary Quinto"
    },
    {
      "Source": "Michael Benjamin Washington",
      "Target": "Robin de Jes\u00fas"
    },
    {
      "Source": "Michael Benjamin Washington",
      "Target": "Tuc Watkins"
    },
    {
      "Source": "Michael Benjamin Washington",
      "Target": "Zachary Quinto"
    },
    {
      "Source": "Nat Faxon",
      "Target": "Ramone Hamilton"
    },
    {
      "Source": "Nat Faxon",
      "Target": "Sean Astin"
    },
    {
      "Source": "Nat Faxon",
      "Target": "Ramone Hamilton"
    },
    {
      "Source": "Nat Faxon",
      "Target": "Sean Astin"
    },
    {
      "Source": "Nicolas Cantu",
      "Target": "Noah Kaye Bentley"
    },
    {
      "Source": "Nicolas Cantu",
      "Target": "Skai Jackson"
    },
    {
      "Source": "Nicolas Cantu",
      "Target": "Zach Callison"
    },
    {
      "Source": "Nicolas Cantu",
      "Target": "Noah Kaye Bentley"
    },
    {
      "Source": "Nicolas Cantu",
      "Target": "Skai Jackson"
    },
    {
      "Source": "Nicolas Cantu",
      "Target": "Zach Callison"
    },
    {
      "Source": "Nicolas Cantu",
      "Target": "Noah Kaye Bentley"
    },
    {
      "Source": "Nicolas Cantu",
      "Target": "Skai Jackson"
    },
    {
      "Source": "Nicolas Cantu",
      "Target": "Zach Callison"
    },
    {
      "Source": "Noah Kaye Bentley",
      "Target": "Skai Jackson"
    },
    {
      "Source": "Noah Kaye Bentley",
      "Target": "Zach Callison"
    },
    {
      "Source": "Noah Kaye Bentley",
      "Target": "Skai Jackson"
    },
    {
      "Source": "Noah Kaye Bentley",
      "Target": "Zach Callison"
    },
    {
      "Source": "Noah Kaye Bentley",
      "Target": "Skai Jackson"
    },
    {
      "Source": "Noah Kaye Bentley",
      "Target": "Zach Callison"
    },
    {
      "Source": "Oona Laurence",
      "Target": "Reed Birney"
    },
    {
      "Source": "Paul Killam",
      "Target": "Smith Foreman"
    },
    {
      "Source": "Paul Killam",
      "Target": "Smith Foreman"
    },
    {
      "Source": "Ramone Hamilton",
      "Target": "Sean Astin"
    },
    {
      "Source": "Ramone Hamilton",
      "Target": "Sean Astin"
    },
    {
      "Source": "Robin de Jes\u00fas",
      "Target": "Tuc Watkins"
    },
    {
      "Source": "Robin de Jes\u00fas",
      "Target": "Zachary Quinto"
    },
    {
      "Source": "Robin de Jes\u00fas",
      "Target": "Tuc Watkins"
    },
    {
      "Source": "Robin de Jes\u00fas",
      "Target": "Zachary Quinto"
    },
    {
      "Source": "Skai Jackson",
      "Target": "Zach Callison"
    },
    {
      "Source": "Skai Jackson",
      "Target": "Zach Callison"
    },
    {
      "Source": "Skai Jackson",
      "Target": "Zach Callison"
    },
    {
      "Source": "Tuc Watkins",
      "Target": "Zachary Quinto"
    },
    {
      "Source": "Tuc Watkins",
      "Target": "Zachary Quinto"
    }
  ]
}